offset,acc,n,subject,exp
0.5,0.6666666666666666,45,1,E1
0.75,0.6444444444444445,45,1,E1
1.0,0.6444444444444445,45,1,E1
1.25,0.5555555555555556,45,1,E1
1.5,0.6,45,1,E1
1.75,0.6888888888888889,45,1,E1
2.0,0.6444444444444445,45,1,E1
2.25,0.5777777777777777,45,1,E1
2.5,0.6,45,1,E1
2.75,0.5555555555555556,45,1,E1
3.0,0.5333333333333333,45,1,E1
3.25,0.5555555555555556,45,1,E1
3.5,0.6444444444444445,45,1,E1
3.75,0.6666666666666666,45,1,E1
4.0,0.6222222222222222,45,1,E1
0.5,0.4666666666666667,45,5,E1
0.75,0.4666666666666667,45,5,E1
1.0,0.4666666666666667,45,5,E1
1.25,0.4666666666666667,45,5,E1
1.5,0.4666666666666667,45,5,E1
1.75,0.4666666666666667,45,5,E1
2.0,0.4666666666666667,45,5,E1
2.25,0.4666666666666667,45,5,E1
2.5,0.4666666666666667,45,5,E1
2.75,0.4666666666666667,45,5,E1
3.0,0.4666666666666667,45,5,E1
3.25,0.4666666666666667,45,5,E1
3.5,0.4666666666666667,45,5,E1
3.75,0.4666666666666667,45,5,E1
4.0,0.4666666666666667,45,5,E1
0.5,0.4222222222222222,45,12,E1
0.75,0.4444444444444444,45,12,E1
1.0,0.4222222222222222,45,12,E1
1.25,0.4444444444444444,45,12,E1
1.5,0.4888888888888889,45,12,E1
1.75,0.4888888888888889,45,12,E1
2.0,0.4888888888888889,45,12,E1
2.25,0.4666666666666667,45,12,E1
2.5,0.4666666666666667,45,12,E1
2.75,0.4666666666666667,45,12,E1
3.0,0.4666666666666667,45,12,E1
3.25,0.4666666666666667,45,12,E1
3.5,0.4444444444444444,45,12,E1
3.75,0.4444444444444444,45,12,E1
4.0,0.4666666666666667,45,12,E1
0.5,0.6222222222222222,45,15,E1
0.75,0.6222222222222222,45,15,E1
1.0,0.6888888888888889,45,15,E1
1.25,0.6222222222222222,45,15,E1
1.5,0.6888888888888889,45,15,E1
1.75,0.6,45,15,E1
2.0,0.6,45,15,E1
2.25,0.5111111111111111,45,15,E1
2.5,0.5111111111111111,45,15,E1
2.75,0.4888888888888889,45,15,E1
3.0,0.4888888888888889,45,15,E1
3.25,0.4888888888888889,45,15,E1
3.5,0.4888888888888889,45,15,E1
3.75,0.4888888888888889,45,15,E1
4.0,0.4888888888888889,45,15,E1
0.5,0.6888888888888889,45,22,E1
0.75,0.7111111111111111,45,22,E1
1.0,0.7111111111111111,45,22,E1
1.25,0.6666666666666666,45,22,E1
1.5,0.6666666666666666,45,22,E1
1.75,0.6444444444444445,45,22,E1
2.0,0.6222222222222222,45,22,E1
2.25,0.6,45,22,E1
2.5,0.6666666666666666,45,22,E1
2.75,0.6,45,22,E1
3.0,0.6222222222222222,45,22,E1
3.25,0.6222222222222222,45,22,E1
3.5,0.5111111111111111,45,22,E1
3.75,0.5111111111111111,45,22,E1
4.0,0.5111111111111111,45,22,E1
0.5,0.4888888888888889,45,27,E1
0.75,0.5111111111111111,45,27,E1
1.0,0.5333333333333333,45,27,E1
1.25,0.6222222222222222,45,27,E1
1.5,0.6222222222222222,45,27,E1
1.75,0.6666666666666666,45,27,E1
2.0,0.6888888888888889,45,27,E1
2.25,0.6888888888888889,45,27,E1
2.5,0.5777777777777777,45,27,E1
2.75,0.5111111111111111,45,27,E1
3.0,0.5555555555555556,45,27,E1
3.25,0.5777777777777777,45,27,E1
3.5,0.5555555555555556,45,27,E1
3.75,0.5111111111111111,45,27,E1
4.0,0.4888888888888889,45,27,E1
0.5,0.5111111111111111,45,31,E1
0.75,0.5111111111111111,45,31,E1
1.0,0.5333333333333333,45,31,E1
1.25,0.5555555555555556,45,31,E1
1.5,0.5777777777777777,45,31,E1
1.75,0.6,45,31,E1
2.0,0.6,45,31,E1
2.25,0.5777777777777777,45,31,E1
2.5,0.6,45,31,E1
2.75,0.6222222222222222,45,31,E1
3.0,0.6,45,31,E1
3.25,0.5555555555555556,45,31,E1
3.5,0.5555555555555556,45,31,E1
3.75,0.5555555555555556,45,31,E1
4.0,0.5777777777777777,45,31,E1
0.5,0.4888888888888889,45,38,E1
0.75,0.5333333333333333,45,38,E1
1.0,0.5333333333333333,45,38,E1
1.25,0.5111111111111111,45,38,E1
1.5,0.5111111111111111,45,38,E1
1.75,0.5333333333333333,45,38,E1
2.0,0.5333333333333333,45,38,E1
2.25,0.6,45,38,E1
2.5,0.5333333333333333,45,38,E1
2.75,0.5111111111111111,45,38,E1
3.0,0.5111111111111111,45,38,E1
3.25,0.4444444444444444,45,38,E1
3.5,0.5333333333333333,45,38,E1
3.75,0.5111111111111111,45,38,E1
4.0,0.5777777777777777,45,38,E1
0.5,0.4888888888888889,45,65,E1
0.75,0.5333333333333333,45,65,E1
1.0,0.5111111111111111,45,65,E1
1.25,0.4888888888888889,45,65,E1
1.5,0.5333333333333333,45,65,E1
1.75,0.4666666666666667,45,65,E1
2.0,0.4888888888888889,45,65,E1
2.25,0.4888888888888889,45,65,E1
2.5,0.5555555555555556,45,65,E1
2.75,0.5333333333333333,45,65,E1
3.0,0.5555555555555556,45,65,E1
3.25,0.5555555555555556,45,65,E1
3.5,0.5777777777777777,45,65,E1
3.75,0.5555555555555556,45,65,E1
4.0,0.5555555555555556,45,65,E1
0.5,0.4888888888888889,45,77,E1
0.75,0.5333333333333333,45,77,E1
1.0,0.5333333333333333,45,77,E1
1.25,0.5777777777777777,45,77,E1
1.5,0.5333333333333333,45,77,E1
1.75,0.6,45,77,E1
2.0,0.6222222222222222,45,77,E1
2.25,0.5777777777777777,45,77,E1
2.5,0.5555555555555556,45,77,E1
2.75,0.6,45,77,E1
3.0,0.5555555555555556,45,77,E1
3.25,0.5777777777777777,45,77,E1
3.5,0.5333333333333333,45,77,E1
3.75,0.5333333333333333,45,77,E1
4.0,0.4222222222222222,45,77,E1
0.5,0.4888888888888889,45,78,E1
0.75,0.4666666666666667,45,78,E1
1.0,0.5111111111111111,45,78,E1
1.25,0.5333333333333333,45,78,E1
1.5,0.4888888888888889,45,78,E1
1.75,0.4666666666666667,45,78,E1
2.0,0.4888888888888889,45,78,E1
2.25,0.5555555555555556,45,78,E1
2.5,0.6,45,78,E1
2.75,0.6222222222222222,45,78,E1
3.0,0.5333333333333333,45,78,E1
3.25,0.5111111111111111,45,78,E1
3.5,0.5333333333333333,45,78,E1
3.75,0.5333333333333333,45,78,E1
4.0,0.4888888888888889,45,78,E1
0.5,0.5333333333333333,45,80,E1
0.75,0.5111111111111111,45,80,E1
1.0,0.5111111111111111,45,80,E1
1.25,0.5111111111111111,45,80,E1
1.5,0.5333333333333333,45,80,E1
1.75,0.5555555555555556,45,80,E1
2.0,0.4888888888888889,45,80,E1
2.25,0.5111111111111111,45,80,E1
2.5,0.5333333333333333,45,80,E1
2.75,0.5111111111111111,45,80,E1
3.0,0.5111111111111111,45,80,E1
3.25,0.4666666666666667,45,80,E1
3.5,0.5555555555555556,45,80,E1
3.75,0.5333333333333333,45,80,E1
4.0,0.6,45,80,E1
0.5,0.4888888888888889,45,81,E1
0.75,0.4888888888888889,45,81,E1
1.0,0.4888888888888889,45,81,E1
1.25,0.4888888888888889,45,81,E1
1.5,0.4888888888888889,45,81,E1
1.75,0.4888888888888889,45,81,E1
2.0,0.4888888888888889,45,81,E1
2.25,0.4888888888888889,45,81,E1
2.5,0.4888888888888889,45,81,E1
2.75,0.4888888888888889,45,81,E1
3.0,0.4888888888888889,45,81,E1
3.25,0.4888888888888889,45,81,E1
3.5,0.4888888888888889,45,81,E1
3.75,0.4888888888888889,45,81,E1
4.0,0.4888888888888889,45,81,E1
0.5,0.6,45,94,E1
0.75,0.5777777777777777,45,94,E1
1.0,0.5777777777777777,45,94,E1
1.25,0.5555555555555556,45,94,E1
1.5,0.6,45,94,E1
1.75,0.6,45,94,E1
2.0,0.6444444444444445,45,94,E1
2.25,0.6444444444444445,45,94,E1
2.5,0.6222222222222222,45,94,E1
2.75,0.5777777777777777,45,94,E1
3.0,0.6,45,94,E1
3.25,0.6,45,94,E1
3.5,0.6,45,94,E1
3.75,0.6,45,94,E1
4.0,0.6,45,94,E1
0.5,0.4888888888888889,45,98,E1
0.75,0.4888888888888889,45,98,E1
1.0,0.4666666666666667,45,98,E1
1.25,0.4444444444444444,45,98,E1
1.5,0.4888888888888889,45,98,E1
1.75,0.4222222222222222,45,98,E1
2.0,0.4444444444444444,45,98,E1
2.25,0.4666666666666667,45,98,E1
2.5,0.5111111111111111,45,98,E1
2.75,0.4444444444444444,45,98,E1
3.0,0.4666666666666667,45,98,E1
3.25,0.4888888888888889,45,98,E1
3.5,0.4666666666666667,45,98,E1
3.75,0.4888888888888889,45,98,E1
4.0,0.5111111111111111,45,98,E1
0.5,0.4888888888888889,45,101,E1
0.75,0.4888888888888889,45,101,E1
1.0,0.4888888888888889,45,101,E1
1.25,0.4888888888888889,45,101,E1
1.5,0.5111111111111111,45,101,E1
1.75,0.4888888888888889,45,101,E1
2.0,0.4888888888888889,45,101,E1
2.25,0.4888888888888889,45,101,E1
2.5,0.4888888888888889,45,101,E1
2.75,0.4888888888888889,45,101,E1
3.0,0.4888888888888889,45,101,E1
3.25,0.4888888888888889,45,101,E1
3.5,0.4888888888888889,45,101,E1
3.75,0.4888888888888889,45,101,E1
4.0,0.4888888888888889,45,101,E1
0.5,0.4888888888888889,45,105,E1
0.75,0.5111111111111111,45,105,E1
1.0,0.5555555555555556,45,105,E1
1.25,0.5777777777777777,45,105,E1
1.5,0.6444444444444445,45,105,E1
1.75,0.7111111111111111,45,105,E1
2.0,0.7111111111111111,45,105,E1
2.25,0.6666666666666666,45,105,E1
2.5,0.6222222222222222,45,105,E1
2.75,0.5777777777777777,45,105,E1
3.0,0.5111111111111111,45,105,E1
3.25,0.5111111111111111,45,105,E1
3.5,0.4666666666666667,45,105,E1
3.75,0.4,45,105,E1
4.0,0.4222222222222222,45,105,E1
0.5,0.6222222222222222,45,106,E1
0.75,0.5777777777777777,45,106,E1
1.0,0.6222222222222222,45,106,E1
1.25,0.6444444444444445,45,106,E1
1.5,0.5777777777777777,45,106,E1
1.75,0.5111111111111111,45,106,E1
2.0,0.5333333333333333,45,106,E1
2.25,0.5777777777777777,45,106,E1
2.5,0.5111111111111111,45,106,E1
2.75,0.6,45,106,E1
3.0,0.6,45,106,E1
3.25,0.6222222222222222,45,106,E1
3.5,0.5777777777777777,45,106,E1
3.75,0.6,45,106,E1
4.0,0.6,45,106,E1
0.5,0.6222222222222222,45,1,E5
0.75,0.5555555555555556,45,1,E5
1.0,0.5111111111111111,45,1,E5
1.25,0.5777777777777777,45,1,E5
1.5,0.6666666666666666,45,1,E5
1.75,0.7111111111111111,45,1,E5
2.0,0.7555555555555555,45,1,E5
2.25,0.7555555555555555,45,1,E5
2.5,0.8,45,1,E5
2.75,0.7333333333333333,45,1,E5
3.0,0.7111111111111111,45,1,E5
3.25,0.7111111111111111,45,1,E5
3.5,0.7333333333333333,45,1,E5
3.75,0.7333333333333333,45,1,E5
4.0,0.7111111111111111,45,1,E5
0.5,0.4888888888888889,45,5,E5
0.75,0.5111111111111111,45,5,E5
1.0,0.5555555555555556,45,5,E5
1.25,0.5555555555555556,45,5,E5
1.5,0.6,45,5,E5
1.75,0.5333333333333333,45,5,E5
2.0,0.5777777777777777,45,5,E5
2.25,0.5111111111111111,45,5,E5
2.5,0.5111111111111111,45,5,E5
2.75,0.5111111111111111,45,5,E5
3.0,0.5111111111111111,45,5,E5
3.25,0.3777777777777777,45,5,E5
3.5,0.3777777777777777,45,5,E5
3.75,0.4222222222222222,45,5,E5
4.0,0.4444444444444444,45,5,E5
0.5,0.5333333333333333,45,12,E5
0.75,0.5777777777777777,45,12,E5
1.0,0.5333333333333333,45,12,E5
1.25,0.6222222222222222,45,12,E5
1.5,0.6888888888888889,45,12,E5
1.75,0.6444444444444445,45,12,E5
2.0,0.7333333333333333,45,12,E5
2.25,0.7111111111111111,45,12,E5
2.5,0.7111111111111111,45,12,E5
2.75,0.6666666666666666,45,12,E5
3.0,0.6666666666666666,45,12,E5
3.25,0.6666666666666666,45,12,E5
3.5,0.6222222222222222,45,12,E5
3.75,0.6,45,12,E5
4.0,0.6444444444444445,45,12,E5
0.5,0.6888888888888889,45,15,E5
0.75,0.6888888888888889,45,15,E5
1.0,0.6888888888888889,45,15,E5
1.25,0.7555555555555555,45,15,E5
1.5,0.7333333333333333,45,15,E5
1.75,0.8222222222222222,45,15,E5
2.0,0.8444444444444444,45,15,E5
2.25,0.8,45,15,E5
2.5,0.7555555555555555,45,15,E5
2.75,0.7333333333333333,45,15,E5
3.0,0.6888888888888889,45,15,E5
3.25,0.7111111111111111,45,15,E5
3.5,0.6444444444444445,45,15,E5
3.75,0.7555555555555555,45,15,E5
4.0,0.6666666666666666,45,15,E5
0.5,0.6,45,22,E5
0.75,0.6222222222222222,45,22,E5
1.0,0.6222222222222222,45,22,E5
1.25,0.6444444444444445,45,22,E5
1.5,0.7111111111111111,45,22,E5
1.75,0.7111111111111111,45,22,E5
2.0,0.6888888888888889,45,22,E5
2.25,0.6666666666666666,45,22,E5
2.5,0.6,45,22,E5
2.75,0.6,45,22,E5
3.0,0.7111111111111111,45,22,E5
3.25,0.6666666666666666,45,22,E5
3.5,0.5777777777777777,45,22,E5
3.75,0.6222222222222222,45,22,E5
4.0,0.4666666666666667,45,22,E5
0.5,0.6444444444444445,45,27,E5
0.75,0.5777777777777777,45,27,E5
1.0,0.6444444444444445,45,27,E5
1.25,0.6888888888888889,45,27,E5
1.5,0.6666666666666666,45,27,E5
1.75,0.6,45,27,E5
2.0,0.6,45,27,E5
2.25,0.6444444444444445,45,27,E5
2.5,0.5777777777777777,45,27,E5
2.75,0.5777777777777777,45,27,E5
3.0,0.5777777777777777,45,27,E5
3.25,0.5777777777777777,45,27,E5
3.5,0.6,45,27,E5
3.75,0.5555555555555556,45,27,E5
4.0,0.5555555555555556,45,27,E5
0.5,0.6,45,31,E5
0.75,0.7555555555555555,45,31,E5
1.0,0.7333333333333333,45,31,E5
1.25,0.7555555555555555,45,31,E5
1.5,0.8,45,31,E5
1.75,0.8444444444444444,45,31,E5
2.0,0.8444444444444444,45,31,E5
2.25,0.8666666666666667,45,31,E5
2.5,0.9111111111111112,45,31,E5
2.75,0.8888888888888888,45,31,E5
3.0,0.8888888888888888,45,31,E5
3.25,0.8222222222222222,45,31,E5
3.5,0.7777777777777778,45,31,E5
3.75,0.7777777777777778,45,31,E5
4.0,0.7111111111111111,45,31,E5
0.5,0.4,45,38,E5
0.75,0.4222222222222222,45,38,E5
1.0,0.4222222222222222,45,38,E5
1.25,0.5333333333333333,45,38,E5
1.5,0.5555555555555556,45,38,E5
1.75,0.6666666666666666,45,38,E5
2.0,0.6,45,38,E5
2.25,0.6666666666666666,45,38,E5
2.5,0.6,45,38,E5
2.75,0.5777777777777777,45,38,E5
3.0,0.5333333333333333,45,38,E5
3.25,0.4666666666666667,45,38,E5
3.5,0.4666666666666667,45,38,E5
3.75,0.4,45,38,E5
4.0,0.3333333333333333,45,38,E5
0.5,0.6666666666666666,45,65,E5
0.75,0.7333333333333333,45,65,E5
1.0,0.6888888888888889,45,65,E5
1.25,0.7111111111111111,45,65,E5
1.5,0.7111111111111111,45,65,E5
1.75,0.7111111111111111,45,65,E5
2.0,0.7333333333333333,45,65,E5
2.25,0.7111111111111111,45,65,E5
2.5,0.7333333333333333,45,65,E5
2.75,0.6666666666666666,45,65,E5
3.0,0.7111111111111111,45,65,E5
3.25,0.6444444444444445,45,65,E5
3.5,0.6666666666666666,45,65,E5
3.75,0.6222222222222222,45,65,E5
4.0,0.6888888888888889,45,65,E5
0.5,0.5555555555555556,45,77,E5
0.75,0.5555555555555556,45,77,E5
1.0,0.5111111111111111,45,77,E5
1.25,0.5555555555555556,45,77,E5
1.5,0.5777777777777777,45,77,E5
1.75,0.5777777777777777,45,77,E5
2.0,0.5777777777777777,45,77,E5
2.25,0.6,45,77,E5
2.5,0.6444444444444445,45,77,E5
2.75,0.6,45,77,E5
3.0,0.5555555555555556,45,77,E5
3.25,0.5555555555555556,45,77,E5
3.5,0.5555555555555556,45,77,E5
3.75,0.5555555555555556,45,77,E5
4.0,0.4444444444444444,45,77,E5
0.5,0.5555555555555556,45,78,E5
0.75,0.5111111111111111,45,78,E5
1.0,0.5555555555555556,45,78,E5
1.25,0.4888888888888889,45,78,E5
1.5,0.5333333333333333,45,78,E5
1.75,0.5555555555555556,45,78,E5
2.0,0.6,45,78,E5
2.25,0.6,45,78,E5
2.5,0.6222222222222222,45,78,E5
2.75,0.5777777777777777,45,78,E5
3.0,0.4666666666666667,45,78,E5
3.25,0.4888888888888889,45,78,E5
3.5,0.4888888888888889,45,78,E5
3.75,0.4666666666666667,45,78,E5
4.0,0.5111111111111111,45,78,E5
0.5,0.6444444444444445,45,80,E5
0.75,0.6666666666666666,45,80,E5
1.0,0.6666666666666666,45,80,E5
1.25,0.7555555555555555,45,80,E5
1.5,0.7333333333333333,45,80,E5
1.75,0.7333333333333333,45,80,E5
2.0,0.7555555555555555,45,80,E5
2.25,0.6444444444444445,45,80,E5
2.5,0.7111111111111111,45,80,E5
2.75,0.6666666666666666,45,80,E5
3.0,0.6444444444444445,45,80,E5
3.25,0.5555555555555556,45,80,E5
3.5,0.4888888888888889,45,80,E5
3.75,0.5111111111111111,45,80,E5
4.0,0.5555555555555556,45,80,E5
0.5,0.5111111111111111,45,81,E5
0.75,0.5777777777777777,45,81,E5
1.0,0.5555555555555556,45,81,E5
1.25,0.6,45,81,E5
1.5,0.5555555555555556,45,81,E5
1.75,0.6,45,81,E5
2.0,0.6222222222222222,45,81,E5
2.25,0.5333333333333333,45,81,E5
2.5,0.5333333333333333,45,81,E5
2.75,0.5555555555555556,45,81,E5
3.0,0.5111111111111111,45,81,E5
3.25,0.5111111111111111,45,81,E5
3.5,0.5111111111111111,45,81,E5
3.75,0.5111111111111111,45,81,E5
4.0,0.4888888888888889,45,81,E5
0.5,0.4888888888888889,45,94,E5
0.75,0.5333333333333333,45,94,E5
1.0,0.6222222222222222,45,94,E5
1.25,0.7777777777777778,45,94,E5
1.5,0.8,45,94,E5
1.75,0.8666666666666667,45,94,E5
2.0,0.9111111111111112,45,94,E5
2.25,0.9555555555555556,45,94,E5
2.5,0.9555555555555556,45,94,E5
2.75,0.9777777777777776,45,94,E5
3.0,0.9555555555555556,45,94,E5
3.25,0.9111111111111112,45,94,E5
3.5,0.8666666666666667,45,94,E5
3.75,0.8666666666666667,45,94,E5
4.0,0.8666666666666667,45,94,E5
0.5,0.4888888888888889,45,98,E5
0.75,0.5111111111111111,45,98,E5
1.0,0.5555555555555556,45,98,E5
1.25,0.5555555555555556,45,98,E5
1.5,0.5333333333333333,45,98,E5
1.75,0.5333333333333333,45,98,E5
2.0,0.5555555555555556,45,98,E5
2.25,0.5777777777777777,45,98,E5
2.5,0.5555555555555556,45,98,E5
2.75,0.6222222222222222,45,98,E5
3.0,0.6,45,98,E5
3.25,0.6,45,98,E5
3.5,0.6,45,98,E5
3.75,0.5777777777777777,45,98,E5
4.0,0.6444444444444445,45,98,E5
0.5,0.4666666666666667,45,101,E5
0.75,0.5333333333333333,45,101,E5
1.0,0.5777777777777777,45,101,E5
1.25,0.5555555555555556,45,101,E5
1.5,0.5333333333333333,45,101,E5
1.75,0.6,45,101,E5
2.0,0.6444444444444445,45,101,E5
2.25,0.6222222222222222,45,101,E5
2.5,0.5777777777777777,45,101,E5
2.75,0.5333333333333333,45,101,E5
3.0,0.5333333333333333,45,101,E5
3.25,0.4888888888888889,45,101,E5
3.5,0.5333333333333333,45,101,E5
3.75,0.5555555555555556,45,101,E5
4.0,0.5111111111111111,45,101,E5
0.5,0.6444444444444445,45,105,E5
0.75,0.6888888888888889,45,105,E5
1.0,0.6444444444444445,45,105,E5
1.25,0.6666666666666666,45,105,E5
1.5,0.7555555555555555,45,105,E5
1.75,0.7555555555555555,45,105,E5
2.0,0.6666666666666666,45,105,E5
2.25,0.7111111111111111,45,105,E5
2.5,0.6222222222222222,45,105,E5
2.75,0.6,45,105,E5
3.0,0.6,45,105,E5
3.25,0.5777777777777777,45,105,E5
3.5,0.5111111111111111,45,105,E5
3.75,0.4444444444444444,45,105,E5
4.0,0.4444444444444444,45,105,E5
0.5,0.6222222222222222,45,106,E5
0.75,0.6888888888888889,45,106,E5
1.0,0.6444444444444445,45,106,E5
1.25,0.6888888888888889,45,106,E5
1.5,0.5777777777777777,45,106,E5
1.75,0.6444444444444445,45,106,E5
2.0,0.5555555555555556,45,106,E5
2.25,0.6666666666666666,45,106,E5
2.5,0.6,45,106,E5
2.75,0.6,45,106,E5
3.0,0.5777777777777777,45,106,E5
3.25,0.6222222222222222,45,106,E5
3.5,0.5555555555555556,45,106,E5
3.75,0.5777777777777777,45,106,E5
4.0,0.6,45,106,E5
0.5,0.5111111111111111,45,1,E8
0.75,0.5777777777777777,45,1,E8
1.0,0.5777777777777777,45,1,E8
1.25,0.6,45,1,E8
1.5,0.6222222222222222,45,1,E8
1.75,0.7111111111111111,45,1,E8
2.0,0.8,45,1,E8
2.25,0.8444444444444444,45,1,E8
2.5,0.7333333333333333,45,1,E8
2.75,0.7555555555555555,45,1,E8
3.0,0.7333333333333333,45,1,E8
3.25,0.7777777777777778,45,1,E8
3.5,0.6888888888888889,45,1,E8
3.75,0.6666666666666666,45,1,E8
4.0,0.6222222222222222,45,1,E8
0.5,0.5111111111111111,45,5,E8
0.75,0.6,45,5,E8
1.0,0.5555555555555556,45,5,E8
1.25,0.5555555555555556,45,5,E8
1.5,0.5555555555555556,45,5,E8
1.75,0.5555555555555556,45,5,E8
2.0,0.5111111111111111,45,5,E8
2.25,0.5333333333333333,45,5,E8
2.5,0.5555555555555556,45,5,E8
2.75,0.5555555555555556,45,5,E8
3.0,0.5333333333333333,45,5,E8
3.25,0.4666666666666667,45,5,E8
3.5,0.5111111111111111,45,5,E8
3.75,0.5555555555555556,45,5,E8
4.0,0.4222222222222222,45,5,E8
0.5,0.5555555555555556,45,12,E8
0.75,0.6,45,12,E8
1.0,0.6666666666666666,45,12,E8
1.25,0.6222222222222222,45,12,E8
1.5,0.6666666666666666,45,12,E8
1.75,0.6888888888888889,45,12,E8
2.0,0.6888888888888889,45,12,E8
2.25,0.6222222222222222,45,12,E8
2.5,0.5777777777777777,45,12,E8
2.75,0.5777777777777777,45,12,E8
3.0,0.5555555555555556,45,12,E8
3.25,0.5111111111111111,45,12,E8
3.5,0.5111111111111111,45,12,E8
3.75,0.5333333333333333,45,12,E8
4.0,0.5333333333333333,45,12,E8
0.5,0.6666666666666666,45,15,E8
0.75,0.6666666666666666,45,15,E8
1.0,0.6666666666666666,45,15,E8
1.25,0.7111111111111111,45,15,E8
1.5,0.8,45,15,E8
1.75,0.7777777777777778,45,15,E8
2.0,0.8888888888888888,45,15,E8
2.25,0.8,45,15,E8
2.5,0.7111111111111111,45,15,E8
2.75,0.6222222222222222,45,15,E8
3.0,0.6666666666666666,45,15,E8
3.25,0.6,45,15,E8
3.5,0.6222222222222222,45,15,E8
3.75,0.6888888888888889,45,15,E8
4.0,0.6444444444444445,45,15,E8
0.5,0.5777777777777777,45,22,E8
0.75,0.5777777777777777,45,22,E8
1.0,0.5333333333333333,45,22,E8
1.25,0.5555555555555556,45,22,E8
1.5,0.5555555555555556,45,22,E8
1.75,0.5555555555555556,45,22,E8
2.0,0.5555555555555556,45,22,E8
2.25,0.5111111111111111,45,22,E8
2.5,0.5111111111111111,45,22,E8
2.75,0.4888888888888889,45,22,E8
3.0,0.5333333333333333,45,22,E8
3.25,0.5333333333333333,45,22,E8
3.5,0.5111111111111111,45,22,E8
3.75,0.4666666666666667,45,22,E8
4.0,0.4444444444444444,45,22,E8
0.5,0.5333333333333333,45,27,E8
0.75,0.5111111111111111,45,27,E8
1.0,0.6,45,27,E8
1.25,0.6,45,27,E8
1.5,0.6,45,27,E8
1.75,0.6,45,27,E8
2.0,0.6222222222222222,45,27,E8
2.25,0.6,45,27,E8
2.5,0.6222222222222222,45,27,E8
2.75,0.6444444444444445,45,27,E8
3.0,0.6222222222222222,45,27,E8
3.25,0.6222222222222222,45,27,E8
3.5,0.5777777777777777,45,27,E8
3.75,0.5777777777777777,45,27,E8
4.0,0.6,45,27,E8
0.5,0.6222222222222222,45,31,E8
0.75,0.6888888888888889,45,31,E8
1.0,0.7555555555555555,45,31,E8
1.25,0.7555555555555555,45,31,E8
1.5,0.7333333333333333,45,31,E8
1.75,0.8222222222222222,45,31,E8
2.0,0.8444444444444444,45,31,E8
2.25,0.9111111111111112,45,31,E8
2.5,0.9333333333333332,45,31,E8
2.75,0.8888888888888888,45,31,E8
3.0,0.8666666666666667,45,31,E8
3.25,0.8444444444444444,45,31,E8
3.5,0.8666666666666667,45,31,E8
3.75,0.7777777777777778,45,31,E8
4.0,0.7777777777777778,45,31,E8
0.5,0.4222222222222222,45,38,E8
0.75,0.5111111111111111,45,38,E8
1.0,0.5111111111111111,45,38,E8
1.25,0.5555555555555556,45,38,E8
1.5,0.5333333333333333,45,38,E8
1.75,0.5777777777777777,45,38,E8
2.0,0.5333333333333333,45,38,E8
2.25,0.6666666666666666,45,38,E8
2.5,0.6666666666666666,45,38,E8
2.75,0.6,45,38,E8
3.0,0.5777777777777777,45,38,E8
3.25,0.4666666666666667,45,38,E8
3.5,0.3777777777777777,45,38,E8
3.75,0.3777777777777777,45,38,E8
4.0,0.3111111111111111,45,38,E8
0.5,0.5777777777777777,45,65,E8
0.75,0.6444444444444445,45,65,E8
1.0,0.6,45,65,E8
1.25,0.6666666666666666,45,65,E8
1.5,0.6444444444444445,45,65,E8
1.75,0.6222222222222222,45,65,E8
2.0,0.6,45,65,E8
2.25,0.6222222222222222,45,65,E8
2.5,0.7333333333333333,45,65,E8
2.75,0.7333333333333333,45,65,E8
3.0,0.7111111111111111,45,65,E8
3.25,0.6222222222222222,45,65,E8
3.5,0.7333333333333333,45,65,E8
3.75,0.6888888888888889,45,65,E8
4.0,0.6888888888888889,45,65,E8
0.5,0.4444444444444444,45,77,E8
0.75,0.4888888888888889,45,77,E8
1.0,0.5111111111111111,45,77,E8
1.25,0.5111111111111111,45,77,E8
1.5,0.5111111111111111,45,77,E8
1.75,0.5555555555555556,45,77,E8
2.0,0.5777777777777777,45,77,E8
2.25,0.5333333333333333,45,77,E8
2.5,0.5111111111111111,45,77,E8
2.75,0.4888888888888889,45,77,E8
3.0,0.5111111111111111,45,77,E8
3.25,0.5555555555555556,45,77,E8
3.5,0.5333333333333333,45,77,E8
3.75,0.4888888888888889,45,77,E8
4.0,0.4444444444444444,45,77,E8
0.5,0.5333333333333333,45,78,E8
0.75,0.5111111111111111,45,78,E8
1.0,0.4666666666666667,45,78,E8
1.25,0.4666666666666667,45,78,E8
1.5,0.4444444444444444,45,78,E8
1.75,0.4888888888888889,45,78,E8
2.0,0.5111111111111111,45,78,E8
2.25,0.5111111111111111,45,78,E8
2.5,0.5333333333333333,45,78,E8
2.75,0.5555555555555556,45,78,E8
3.0,0.4444444444444444,45,78,E8
3.25,0.4888888888888889,45,78,E8
3.5,0.4666666666666667,45,78,E8
3.75,0.4888888888888889,45,78,E8
4.0,0.5111111111111111,45,78,E8
0.5,0.6888888888888889,45,80,E8
0.75,0.6888888888888889,45,80,E8
1.0,0.6666666666666666,45,80,E8
1.25,0.6888888888888889,45,80,E8
1.5,0.6444444444444445,45,80,E8
1.75,0.6444444444444445,45,80,E8
2.0,0.6,45,80,E8
2.25,0.5555555555555556,45,80,E8
2.5,0.6,45,80,E8
2.75,0.5111111111111111,45,80,E8
3.0,0.5333333333333333,45,80,E8
3.25,0.5777777777777777,45,80,E8
3.5,0.5777777777777777,45,80,E8
3.75,0.6,45,80,E8
4.0,0.6222222222222222,45,80,E8
0.5,0.5111111111111111,45,81,E8
0.75,0.5555555555555556,45,81,E8
1.0,0.5777777777777777,45,81,E8
1.25,0.5777777777777777,45,81,E8
1.5,0.5555555555555556,45,81,E8
1.75,0.5111111111111111,45,81,E8
2.0,0.5555555555555556,45,81,E8
2.25,0.5333333333333333,45,81,E8
2.5,0.5333333333333333,45,81,E8
2.75,0.5555555555555556,45,81,E8
3.0,0.5111111111111111,45,81,E8
3.25,0.4888888888888889,45,81,E8
3.5,0.5333333333333333,45,81,E8
3.75,0.5333333333333333,45,81,E8
4.0,0.5333333333333333,45,81,E8
0.5,0.5111111111111111,45,94,E8
0.75,0.5777777777777777,45,94,E8
1.0,0.6444444444444445,45,94,E8
1.25,0.7777777777777778,45,94,E8
1.5,0.8,45,94,E8
1.75,0.8222222222222222,45,94,E8
2.0,0.8888888888888888,45,94,E8
2.25,0.9333333333333332,45,94,E8
2.5,0.9333333333333332,45,94,E8
2.75,0.9777777777777776,45,94,E8
3.0,0.9555555555555556,45,94,E8
3.25,0.9111111111111112,45,94,E8
3.5,0.8666666666666667,45,94,E8
3.75,0.8666666666666667,45,94,E8
4.0,0.8222222222222222,45,94,E8
0.5,0.5555555555555556,45,98,E8
0.75,0.5555555555555556,45,98,E8
1.0,0.5333333333333333,45,98,E8
1.25,0.5555555555555556,45,98,E8
1.5,0.5777777777777777,45,98,E8
1.75,0.6,45,98,E8
2.0,0.6444444444444445,45,98,E8
2.25,0.6444444444444445,45,98,E8
2.5,0.6666666666666666,45,98,E8
2.75,0.6666666666666666,45,98,E8
3.0,0.6222222222222222,45,98,E8
3.25,0.6,45,98,E8
3.5,0.5777777777777777,45,98,E8
3.75,0.6,45,98,E8
4.0,0.6,45,98,E8
0.5,0.4444444444444444,45,101,E8
0.75,0.4888888888888889,45,101,E8
1.0,0.5555555555555556,45,101,E8
1.25,0.5555555555555556,45,101,E8
1.5,0.5555555555555556,45,101,E8
1.75,0.6,45,101,E8
2.0,0.5777777777777777,45,101,E8
2.25,0.5333333333333333,45,101,E8
2.5,0.5333333333333333,45,101,E8
2.75,0.4888888888888889,45,101,E8
3.0,0.4666666666666667,45,101,E8
3.25,0.4666666666666667,45,101,E8
3.5,0.4444444444444444,45,101,E8
3.75,0.5111111111111111,45,101,E8
4.0,0.4444444444444444,45,101,E8
0.5,0.5555555555555556,45,105,E8
0.75,0.6,45,105,E8
1.0,0.6,45,105,E8
1.25,0.6666666666666666,45,105,E8
1.5,0.7111111111111111,45,105,E8
1.75,0.7111111111111111,45,105,E8
2.0,0.7111111111111111,45,105,E8
2.25,0.6888888888888889,45,105,E8
2.5,0.6666666666666666,45,105,E8
2.75,0.6444444444444445,45,105,E8
3.0,0.5777777777777777,45,105,E8
3.25,0.5333333333333333,45,105,E8
3.5,0.4666666666666667,45,105,E8
3.75,0.4888888888888889,45,105,E8
4.0,0.5111111111111111,45,105,E8
0.5,0.5333333333333333,45,106,E8
0.75,0.5777777777777777,45,106,E8
1.0,0.4888888888888889,45,106,E8
1.25,0.5333333333333333,45,106,E8
1.5,0.5111111111111111,45,106,E8
1.75,0.5333333333333333,45,106,E8
2.0,0.5555555555555556,45,106,E8
2.25,0.5333333333333333,45,106,E8
2.5,0.5555555555555556,45,106,E8
2.75,0.6222222222222222,45,106,E8
3.0,0.5333333333333333,45,106,E8
3.25,0.5555555555555556,45,106,E8
3.5,0.6444444444444445,45,106,E8
3.75,0.5555555555555556,45,106,E8
4.0,0.5555555555555556,45,106,E8
0.5,0.6222222222222222,45,1,E3
0.75,0.6,45,1,E3
1.0,0.6444444444444445,45,1,E3
1.25,0.6444444444444445,45,1,E3
1.5,0.6444444444444445,45,1,E3
1.75,0.7333333333333333,45,1,E3
2.0,0.8,45,1,E3
2.25,0.7777777777777778,45,1,E3
2.5,0.6888888888888889,45,1,E3
2.75,0.7111111111111111,45,1,E3
3.0,0.6888888888888889,45,1,E3
3.25,0.7555555555555555,45,1,E3
3.5,0.7333333333333333,45,1,E3
3.75,0.6666666666666666,45,1,E3
4.0,0.6222222222222222,45,1,E3
0.5,0.4666666666666667,45,5,E3
0.75,0.4222222222222222,45,5,E3
1.0,0.4666666666666667,45,5,E3
1.25,0.4888888888888889,45,5,E3
1.5,0.4666666666666667,45,5,E3
1.75,0.4666666666666667,45,5,E3
2.0,0.4888888888888889,45,5,E3
2.25,0.4888888888888889,45,5,E3
2.5,0.5333333333333333,45,5,E3
2.75,0.4888888888888889,45,5,E3
3.0,0.4444444444444444,45,5,E3
3.25,0.4,45,5,E3
3.5,0.5333333333333333,45,5,E3
3.75,0.4888888888888889,45,5,E3
4.0,0.4888888888888889,45,5,E3
0.5,0.4666666666666667,45,12,E3
0.75,0.3777777777777777,45,12,E3
1.0,0.4888888888888889,45,12,E3
1.25,0.4444444444444444,45,12,E3
1.5,0.4888888888888889,45,12,E3
1.75,0.5333333333333333,45,12,E3
2.0,0.6666666666666666,45,12,E3
2.25,0.5777777777777777,45,12,E3
2.5,0.6666666666666666,45,12,E3
2.75,0.6444444444444445,45,12,E3
3.0,0.6222222222222222,45,12,E3
3.25,0.6444444444444445,45,12,E3
3.5,0.6666666666666666,45,12,E3
3.75,0.6444444444444445,45,12,E3
4.0,0.5777777777777777,45,12,E3
0.5,0.5555555555555556,45,15,E3
0.75,0.5555555555555556,45,15,E3
1.0,0.5111111111111111,45,15,E3
1.25,0.5555555555555556,45,15,E3
1.5,0.5777777777777777,45,15,E3
1.75,0.6444444444444445,45,15,E3
2.0,0.6444444444444445,45,15,E3
2.25,0.6888888888888889,45,15,E3
2.5,0.7111111111111111,45,15,E3
2.75,0.6,45,15,E3
3.0,0.6444444444444445,45,15,E3
3.25,0.5777777777777777,45,15,E3
3.5,0.6444444444444445,45,15,E3
3.75,0.6444444444444445,45,15,E3
4.0,0.6222222222222222,45,15,E3
0.5,0.5555555555555556,45,22,E3
0.75,0.6222222222222222,45,22,E3
1.0,0.6222222222222222,45,22,E3
1.25,0.6,45,22,E3
1.5,0.6,45,22,E3
1.75,0.5777777777777777,45,22,E3
2.0,0.6222222222222222,45,22,E3
2.25,0.5777777777777777,45,22,E3
2.5,0.6444444444444445,45,22,E3
2.75,0.6444444444444445,45,22,E3
3.0,0.6444444444444445,45,22,E3
3.25,0.6222222222222222,45,22,E3
3.5,0.6,45,22,E3
3.75,0.5555555555555556,45,22,E3
4.0,0.4888888888888889,45,22,E3
0.5,0.4444444444444444,45,27,E3
0.75,0.4444444444444444,45,27,E3
1.0,0.5333333333333333,45,27,E3
1.25,0.6,45,27,E3
1.5,0.5555555555555556,45,27,E3
1.75,0.5555555555555556,45,27,E3
2.0,0.6,45,27,E3
2.25,0.6222222222222222,45,27,E3
2.5,0.6,45,27,E3
2.75,0.6666666666666666,45,27,E3
3.0,0.5777777777777777,45,27,E3
3.25,0.5555555555555556,45,27,E3
3.5,0.5555555555555556,45,27,E3
3.75,0.6222222222222222,45,27,E3
4.0,0.5777777777777777,45,27,E3
0.5,0.5111111111111111,45,31,E3
0.75,0.5777777777777777,45,31,E3
1.0,0.5111111111111111,45,31,E3
1.25,0.6222222222222222,45,31,E3
1.5,0.7333333333333333,45,31,E3
1.75,0.8222222222222222,45,31,E3
2.0,0.8,45,31,E3
2.25,0.8666666666666667,45,31,E3
2.5,0.8666666666666667,45,31,E3
2.75,0.8666666666666667,45,31,E3
3.0,0.8222222222222222,45,31,E3
3.25,0.8,45,31,E3
3.5,0.8444444444444444,45,31,E3
3.75,0.7333333333333333,45,31,E3
4.0,0.7777777777777778,45,31,E3
0.5,0.5111111111111111,45,38,E3
0.75,0.5333333333333333,45,38,E3
1.0,0.5777777777777777,45,38,E3
1.25,0.5777777777777777,45,38,E3
1.5,0.5111111111111111,45,38,E3
1.75,0.5111111111111111,45,38,E3
2.0,0.5555555555555556,45,38,E3
2.25,0.5777777777777777,45,38,E3
2.5,0.5333333333333333,45,38,E3
2.75,0.5555555555555556,45,38,E3
3.0,0.5333333333333333,45,38,E3
3.25,0.5111111111111111,45,38,E3
3.5,0.4888888888888889,45,38,E3
3.75,0.4888888888888889,45,38,E3
4.0,0.5111111111111111,45,38,E3
0.5,0.5777777777777777,45,65,E3
0.75,0.5555555555555556,45,65,E3
1.0,0.5333333333333333,45,65,E3
1.25,0.5333333333333333,45,65,E3
1.5,0.5777777777777777,45,65,E3
1.75,0.6444444444444445,45,65,E3
2.0,0.6222222222222222,45,65,E3
2.25,0.6444444444444445,45,65,E3
2.5,0.4888888888888889,45,65,E3
2.75,0.6222222222222222,45,65,E3
3.0,0.5555555555555556,45,65,E3
3.25,0.5111111111111111,45,65,E3
3.5,0.5111111111111111,45,65,E3
3.75,0.6,45,65,E3
4.0,0.5333333333333333,45,65,E3
0.5,0.4888888888888889,45,77,E3
0.75,0.4222222222222222,45,77,E3
1.0,0.4444444444444444,45,77,E3
1.25,0.4888888888888889,45,77,E3
1.5,0.5555555555555556,45,77,E3
1.75,0.5333333333333333,45,77,E3
2.0,0.6222222222222222,45,77,E3
2.25,0.5555555555555556,45,77,E3
2.5,0.5333333333333333,45,77,E3
2.75,0.5111111111111111,45,77,E3
3.0,0.4888888888888889,45,77,E3
3.25,0.4888888888888889,45,77,E3
3.5,0.5555555555555556,45,77,E3
3.75,0.4666666666666667,45,77,E3
4.0,0.4666666666666667,45,77,E3
0.5,0.5333333333333333,45,78,E3
0.75,0.4888888888888889,45,78,E3
1.0,0.4222222222222222,45,78,E3
1.25,0.4,45,78,E3
1.5,0.5111111111111111,45,78,E3
1.75,0.4888888888888889,45,78,E3
2.0,0.4444444444444444,45,78,E3
2.25,0.4888888888888889,45,78,E3
2.5,0.3777777777777777,45,78,E3
2.75,0.4222222222222222,45,78,E3
3.0,0.4666666666666667,45,78,E3
3.25,0.4222222222222222,45,78,E3
3.5,0.4444444444444444,45,78,E3
3.75,0.4666666666666667,45,78,E3
4.0,0.5111111111111111,45,78,E3
0.5,0.5555555555555556,45,80,E3
0.75,0.6222222222222222,45,80,E3
1.0,0.5777777777777777,45,80,E3
1.25,0.6666666666666666,45,80,E3
1.5,0.7111111111111111,45,80,E3
1.75,0.6444444444444445,45,80,E3
2.0,0.5777777777777777,45,80,E3
2.25,0.6666666666666666,45,80,E3
2.5,0.6444444444444445,45,80,E3
2.75,0.6,45,80,E3
3.0,0.5777777777777777,45,80,E3
3.25,0.4444444444444444,45,80,E3
3.5,0.4444444444444444,45,80,E3
3.75,0.3777777777777777,45,80,E3
4.0,0.4666666666666667,45,80,E3
0.5,0.4888888888888889,45,81,E3
0.75,0.4888888888888889,45,81,E3
1.0,0.4888888888888889,45,81,E3
1.25,0.4888888888888889,45,81,E3
1.5,0.4888888888888889,45,81,E3
1.75,0.4888888888888889,45,81,E3
2.0,0.4888888888888889,45,81,E3
2.25,0.4888888888888889,45,81,E3
2.5,0.4888888888888889,45,81,E3
2.75,0.4888888888888889,45,81,E3
3.0,0.4888888888888889,45,81,E3
3.25,0.4888888888888889,45,81,E3
3.5,0.4888888888888889,45,81,E3
3.75,0.4888888888888889,45,81,E3
4.0,0.4888888888888889,45,81,E3
0.5,0.4666666666666667,45,94,E3
0.75,0.4444444444444444,45,94,E3
1.0,0.5333333333333333,45,94,E3
1.25,0.5555555555555556,45,94,E3
1.5,0.5555555555555556,45,94,E3
1.75,0.6444444444444445,45,94,E3
2.0,0.6888888888888889,45,94,E3
2.25,0.6888888888888889,45,94,E3
2.5,0.7555555555555555,45,94,E3
2.75,0.6666666666666666,45,94,E3
3.0,0.6888888888888889,45,94,E3
3.25,0.7555555555555555,45,94,E3
3.5,0.6888888888888889,45,94,E3
3.75,0.6222222222222222,45,94,E3
4.0,0.6444444444444445,45,94,E3
0.5,0.6,45,98,E3
0.75,0.5333333333333333,45,98,E3
1.0,0.5777777777777777,45,98,E3
1.25,0.5777777777777777,45,98,E3
1.5,0.5333333333333333,45,98,E3
1.75,0.5333333333333333,45,98,E3
2.0,0.4888888888888889,45,98,E3
2.25,0.4888888888888889,45,98,E3
2.5,0.4888888888888889,45,98,E3
2.75,0.5333333333333333,45,98,E3
3.0,0.5111111111111111,45,98,E3
3.25,0.5333333333333333,45,98,E3
3.5,0.5555555555555556,45,98,E3
3.75,0.5555555555555556,45,98,E3
4.0,0.5777777777777777,45,98,E3
0.5,0.4444444444444444,45,101,E3
0.75,0.4222222222222222,45,101,E3
1.0,0.5111111111111111,45,101,E3
1.25,0.4666666666666667,45,101,E3
1.5,0.4222222222222222,45,101,E3
1.75,0.4666666666666667,45,101,E3
2.0,0.4,45,101,E3
2.25,0.4888888888888889,45,101,E3
2.5,0.5777777777777777,45,101,E3
2.75,0.5555555555555556,45,101,E3
3.0,0.4888888888888889,45,101,E3
3.25,0.4888888888888889,45,101,E3
3.5,0.4666666666666667,45,101,E3
3.75,0.4444444444444444,45,101,E3
4.0,0.4444444444444444,45,101,E3
0.5,0.6,45,105,E3
0.75,0.5777777777777777,45,105,E3
1.0,0.6888888888888889,45,105,E3
1.25,0.7333333333333333,45,105,E3
1.5,0.7111111111111111,45,105,E3
1.75,0.6888888888888889,45,105,E3
2.0,0.7111111111111111,45,105,E3
2.25,0.6666666666666666,45,105,E3
2.5,0.6,45,105,E3
2.75,0.6444444444444445,45,105,E3
3.0,0.5333333333333333,45,105,E3
3.25,0.4888888888888889,45,105,E3
3.5,0.5555555555555556,45,105,E3
3.75,0.6,45,105,E3
4.0,0.5111111111111111,45,105,E3
0.5,0.6222222222222222,45,106,E3
0.75,0.6222222222222222,45,106,E3
1.0,0.6,45,106,E3
1.25,0.5777777777777777,45,106,E3
1.5,0.6,45,106,E3
1.75,0.5333333333333333,45,106,E3
2.0,0.4,45,106,E3
2.25,0.5333333333333333,45,106,E3
2.5,0.5777777777777777,45,106,E3
2.75,0.5333333333333333,45,106,E3
3.0,0.4888888888888889,45,106,E3
3.25,0.4222222222222222,45,106,E3
3.5,0.5111111111111111,45,106,E3
3.75,0.4444444444444444,45,106,E3
4.0,0.4888888888888889,45,106,E3
0.5,0.6888888888888889,45,1,E6
0.75,0.6888888888888889,45,1,E6
1.0,0.7333333333333333,45,1,E6
1.25,0.7333333333333333,45,1,E6
1.5,0.5777777777777777,45,1,E6
1.75,0.6888888888888889,45,1,E6
2.0,0.7555555555555555,45,1,E6
2.25,0.7111111111111111,45,1,E6
2.5,0.6666666666666666,45,1,E6
2.75,0.7111111111111111,45,1,E6
3.0,0.6888888888888889,45,1,E6
3.25,0.6444444444444445,45,1,E6
3.5,0.6666666666666666,45,1,E6
3.75,0.6666666666666666,45,1,E6
4.0,0.6222222222222222,45,1,E6
0.5,0.4888888888888889,45,5,E6
0.75,0.4222222222222222,45,5,E6
1.0,0.4222222222222222,45,5,E6
1.25,0.4222222222222222,45,5,E6
1.5,0.6222222222222222,45,5,E6
1.75,0.5777777777777777,45,5,E6
2.0,0.5333333333333333,45,5,E6
2.25,0.4888888888888889,45,5,E6
2.5,0.4888888888888889,45,5,E6
2.75,0.4666666666666667,45,5,E6
3.0,0.4444444444444444,45,5,E6
3.25,0.4222222222222222,45,5,E6
3.5,0.4,45,5,E6
3.75,0.4444444444444444,45,5,E6
4.0,0.4222222222222222,45,5,E6
0.5,0.4666666666666667,45,12,E6
0.75,0.4888888888888889,45,12,E6
1.0,0.5555555555555556,45,12,E6
1.25,0.6,45,12,E6
1.5,0.5777777777777777,45,12,E6
1.75,0.5777777777777777,45,12,E6
2.0,0.6,45,12,E6
2.25,0.6666666666666666,45,12,E6
2.5,0.6666666666666666,45,12,E6
2.75,0.6666666666666666,45,12,E6
3.0,0.6666666666666666,45,12,E6
3.25,0.6222222222222222,45,12,E6
3.5,0.6444444444444445,45,12,E6
3.75,0.6666666666666666,45,12,E6
4.0,0.6444444444444445,45,12,E6
0.5,0.6888888888888889,45,15,E6
0.75,0.6888888888888889,45,15,E6
1.0,0.7555555555555555,45,15,E6
1.25,0.7333333333333333,45,15,E6
1.5,0.6444444444444445,45,15,E6
1.75,0.6888888888888889,45,15,E6
2.0,0.7555555555555555,45,15,E6
2.25,0.6888888888888889,45,15,E6
2.5,0.7111111111111111,45,15,E6
2.75,0.6,45,15,E6
3.0,0.6666666666666666,45,15,E6
3.25,0.6666666666666666,45,15,E6
3.5,0.6,45,15,E6
3.75,0.5333333333333333,45,15,E6
4.0,0.5555555555555556,45,15,E6
0.5,0.4888888888888889,45,22,E6
0.75,0.4888888888888889,45,22,E6
1.0,0.6,45,22,E6
1.25,0.5555555555555556,45,22,E6
1.5,0.5333333333333333,45,22,E6
1.75,0.5333333333333333,45,22,E6
2.0,0.5555555555555556,45,22,E6
2.25,0.5111111111111111,45,22,E6
2.5,0.5333333333333333,45,22,E6
2.75,0.5777777777777777,45,22,E6
3.0,0.5777777777777777,45,22,E6
3.25,0.5555555555555556,45,22,E6
3.5,0.5555555555555556,45,22,E6
3.75,0.5555555555555556,45,22,E6
4.0,0.5333333333333333,45,22,E6
0.5,0.5555555555555556,45,27,E6
0.75,0.4444444444444444,45,27,E6
1.0,0.5333333333333333,45,27,E6
1.25,0.6,45,27,E6
1.5,0.6222222222222222,45,27,E6
1.75,0.5777777777777777,45,27,E6
2.0,0.6666666666666666,45,27,E6
2.25,0.6,45,27,E6
2.5,0.6222222222222222,45,27,E6
2.75,0.5111111111111111,45,27,E6
3.0,0.6222222222222222,45,27,E6
3.25,0.4666666666666667,45,27,E6
3.5,0.5777777777777777,45,27,E6
3.75,0.5777777777777777,45,27,E6
4.0,0.5333333333333333,45,27,E6
0.5,0.4444444444444444,45,31,E6
0.75,0.5777777777777777,45,31,E6
1.0,0.5555555555555556,45,31,E6
1.25,0.6,45,31,E6
1.5,0.7111111111111111,45,31,E6
1.75,0.7333333333333333,45,31,E6
2.0,0.8,45,31,E6
2.25,0.8222222222222222,45,31,E6
2.5,0.8,45,31,E6
2.75,0.8444444444444444,45,31,E6
3.0,0.8444444444444444,45,31,E6
3.25,0.8222222222222222,45,31,E6
3.5,0.7555555555555555,45,31,E6
3.75,0.7333333333333333,45,31,E6
4.0,0.7777777777777778,45,31,E6
0.5,0.4444444444444444,45,38,E6
0.75,0.5111111111111111,45,38,E6
1.0,0.5555555555555556,45,38,E6
1.25,0.6666666666666666,45,38,E6
1.5,0.6888888888888889,45,38,E6
1.75,0.6444444444444445,45,38,E6
2.0,0.5111111111111111,45,38,E6
2.25,0.5555555555555556,45,38,E6
2.5,0.5777777777777777,45,38,E6
2.75,0.5555555555555556,45,38,E6
3.0,0.4888888888888889,45,38,E6
3.25,0.5555555555555556,45,38,E6
3.5,0.5333333333333333,45,38,E6
3.75,0.4888888888888889,45,38,E6
4.0,0.5111111111111111,45,38,E6
0.5,0.5777777777777777,45,65,E6
0.75,0.5777777777777777,45,65,E6
1.0,0.5555555555555556,45,65,E6
1.25,0.6,45,65,E6
1.5,0.6222222222222222,45,65,E6
1.75,0.7111111111111111,45,65,E6
2.0,0.6222222222222222,45,65,E6
2.25,0.6444444444444445,45,65,E6
2.5,0.5333333333333333,45,65,E6
2.75,0.6,45,65,E6
3.0,0.5333333333333333,45,65,E6
3.25,0.5777777777777777,45,65,E6
3.5,0.5555555555555556,45,65,E6
3.75,0.6222222222222222,45,65,E6
4.0,0.5111111111111111,45,65,E6
0.5,0.6,45,77,E6
0.75,0.5555555555555556,45,77,E6
1.0,0.4444444444444444,45,77,E6
1.25,0.5555555555555556,45,77,E6
1.5,0.5555555555555556,45,77,E6
1.75,0.6,45,77,E6
2.0,0.6444444444444445,45,77,E6
2.25,0.5777777777777777,45,77,E6
2.5,0.6444444444444445,45,77,E6
2.75,0.6222222222222222,45,77,E6
3.0,0.6222222222222222,45,77,E6
3.25,0.6222222222222222,45,77,E6
3.5,0.5111111111111111,45,77,E6
3.75,0.4888888888888889,45,77,E6
4.0,0.5111111111111111,45,77,E6
0.5,0.5333333333333333,45,78,E6
0.75,0.5111111111111111,45,78,E6
1.0,0.4888888888888889,45,78,E6
1.25,0.5777777777777777,45,78,E6
1.5,0.5333333333333333,45,78,E6
1.75,0.4888888888888889,45,78,E6
2.0,0.4444444444444444,45,78,E6
2.25,0.5333333333333333,45,78,E6
2.5,0.5111111111111111,45,78,E6
2.75,0.5333333333333333,45,78,E6
3.0,0.4222222222222222,45,78,E6
3.25,0.4666666666666667,45,78,E6
3.5,0.4222222222222222,45,78,E6
3.75,0.3777777777777777,45,78,E6
4.0,0.4444444444444444,45,78,E6
0.5,0.6666666666666666,45,80,E6
0.75,0.7111111111111111,45,80,E6
1.0,0.7111111111111111,45,80,E6
1.25,0.7111111111111111,45,80,E6
1.5,0.7333333333333333,45,80,E6
1.75,0.6888888888888889,45,80,E6
2.0,0.6,45,80,E6
2.25,0.6666666666666666,45,80,E6
2.5,0.6888888888888889,45,80,E6
2.75,0.5555555555555556,45,80,E6
3.0,0.5111111111111111,45,80,E6
3.25,0.4444444444444444,45,80,E6
3.5,0.4888888888888889,45,80,E6
3.75,0.5333333333333333,45,80,E6
4.0,0.6,45,80,E6
0.5,0.5777777777777777,45,81,E6
0.75,0.5777777777777777,45,81,E6
1.0,0.5777777777777777,45,81,E6
1.25,0.6,45,81,E6
1.5,0.6,45,81,E6
1.75,0.6222222222222222,45,81,E6
2.0,0.6222222222222222,45,81,E6
2.25,0.6222222222222222,45,81,E6
2.5,0.5777777777777777,45,81,E6
2.75,0.5111111111111111,45,81,E6
3.0,0.4888888888888889,45,81,E6
3.25,0.4444444444444444,45,81,E6
3.5,0.5111111111111111,45,81,E6
3.75,0.4888888888888889,45,81,E6
4.0,0.5111111111111111,45,81,E6
0.5,0.5777777777777777,45,94,E6
0.75,0.5333333333333333,45,94,E6
1.0,0.6222222222222222,45,94,E6
1.25,0.5777777777777777,45,94,E6
1.5,0.6666666666666666,45,94,E6
1.75,0.6888888888888889,45,94,E6
2.0,0.7555555555555555,45,94,E6
2.25,0.7555555555555555,45,94,E6
2.5,0.8,45,94,E6
2.75,0.8444444444444444,45,94,E6
3.0,0.8,45,94,E6
3.25,0.8222222222222222,45,94,E6
3.5,0.8,45,94,E6
3.75,0.7777777777777778,45,94,E6
4.0,0.8,45,94,E6
0.5,0.5777777777777777,45,98,E6
0.75,0.6,45,98,E6
1.0,0.6,45,98,E6
1.25,0.5555555555555556,45,98,E6
1.5,0.5111111111111111,45,98,E6
1.75,0.4888888888888889,45,98,E6
2.0,0.5555555555555556,45,98,E6
2.25,0.6,45,98,E6
2.5,0.7555555555555555,45,98,E6
2.75,0.6444444444444445,45,98,E6
3.0,0.6444444444444445,45,98,E6
3.25,0.6888888888888889,45,98,E6
3.5,0.6888888888888889,45,98,E6
3.75,0.7777777777777778,45,98,E6
4.0,0.6888888888888889,45,98,E6
0.5,0.4888888888888889,45,101,E6
0.75,0.4222222222222222,45,101,E6
1.0,0.4444444444444444,45,101,E6
1.25,0.3777777777777777,45,101,E6
1.5,0.4222222222222222,45,101,E6
1.75,0.4888888888888889,45,101,E6
2.0,0.5555555555555556,45,101,E6
2.25,0.5333333333333333,45,101,E6
2.5,0.5555555555555556,45,101,E6
2.75,0.5333333333333333,45,101,E6
3.0,0.5333333333333333,45,101,E6
3.25,0.4444444444444444,45,101,E6
3.5,0.5555555555555556,45,101,E6
3.75,0.4666666666666667,45,101,E6
4.0,0.4666666666666667,45,101,E6
0.5,0.6,45,105,E6
0.75,0.6222222222222222,45,105,E6
1.0,0.5777777777777777,45,105,E6
1.25,0.6,45,105,E6
1.5,0.6444444444444445,45,105,E6
1.75,0.6444444444444445,45,105,E6
2.0,0.6666666666666666,45,105,E6
2.25,0.6444444444444445,45,105,E6
2.5,0.6666666666666666,45,105,E6
2.75,0.6222222222222222,45,105,E6
3.0,0.5777777777777777,45,105,E6
3.25,0.5555555555555556,45,105,E6
3.5,0.5555555555555556,45,105,E6
3.75,0.5555555555555556,45,105,E6
4.0,0.4888888888888889,45,105,E6
0.5,0.5777777777777777,45,106,E6
0.75,0.6444444444444445,45,106,E6
1.0,0.6222222222222222,45,106,E6
1.25,0.5777777777777777,45,106,E6
1.5,0.6,45,106,E6
1.75,0.6,45,106,E6
2.0,0.5111111111111111,45,106,E6
2.25,0.5333333333333333,45,106,E6
2.5,0.5333333333333333,45,106,E6
2.75,0.5111111111111111,45,106,E6
3.0,0.4666666666666667,45,106,E6
3.25,0.4444444444444444,45,106,E6
3.5,0.4444444444444444,45,106,E6
3.75,0.4222222222222222,45,106,E6
4.0,0.4888888888888889,45,106,E6
0.5,0.6888888888888889,45,1,E2
0.75,0.6222222222222222,45,1,E2
1.0,0.6222222222222222,45,1,E2
1.25,0.6222222222222222,45,1,E2
1.5,0.6666666666666666,45,1,E2
1.75,0.6444444444444445,45,1,E2
2.0,0.6222222222222222,45,1,E2
2.25,0.6222222222222222,45,1,E2
2.5,0.6222222222222222,45,1,E2
2.75,0.5555555555555556,45,1,E2
3.0,0.6,45,1,E2
3.25,0.6,45,1,E2
3.5,0.5777777777777777,45,1,E2
3.75,0.6666666666666666,45,1,E2
4.0,0.5777777777777777,45,1,E2
0.5,0.4888888888888889,45,5,E2
0.75,0.4888888888888889,45,5,E2
1.0,0.4888888888888889,45,5,E2
1.25,0.4444444444444444,45,5,E2
1.5,0.4444444444444444,45,5,E2
1.75,0.4444444444444444,45,5,E2
2.0,0.4444444444444444,45,5,E2
2.25,0.4444444444444444,45,5,E2
2.5,0.4666666666666667,45,5,E2
2.75,0.4666666666666667,45,5,E2
3.0,0.4666666666666667,45,5,E2
3.25,0.4666666666666667,45,5,E2
3.5,0.4666666666666667,45,5,E2
3.75,0.4666666666666667,45,5,E2
4.0,0.4666666666666667,45,5,E2
0.5,0.5333333333333333,45,12,E2
0.75,0.5333333333333333,45,12,E2
1.0,0.5777777777777777,45,12,E2
1.25,0.5777777777777777,45,12,E2
1.5,0.5555555555555556,45,12,E2
1.75,0.5111111111111111,45,12,E2
2.0,0.4888888888888889,45,12,E2
2.25,0.5777777777777777,45,12,E2
2.5,0.5555555555555556,45,12,E2
2.75,0.6,45,12,E2
3.0,0.6,45,12,E2
3.25,0.5555555555555556,45,12,E2
3.5,0.5111111111111111,45,12,E2
3.75,0.4444444444444444,45,12,E2
4.0,0.4666666666666667,45,12,E2
0.5,0.5333333333333333,45,15,E2
0.75,0.5555555555555556,45,15,E2
1.0,0.5777777777777777,45,15,E2
1.25,0.6888888888888889,45,15,E2
1.5,0.6888888888888889,45,15,E2
1.75,0.6666666666666666,45,15,E2
2.0,0.6666666666666666,45,15,E2
2.25,0.6444444444444445,45,15,E2
2.5,0.6,45,15,E2
2.75,0.5777777777777777,45,15,E2
3.0,0.5777777777777777,45,15,E2
3.25,0.5555555555555556,45,15,E2
3.5,0.5333333333333333,45,15,E2
3.75,0.5333333333333333,45,15,E2
4.0,0.5333333333333333,45,15,E2
0.5,0.5111111111111111,45,22,E2
0.75,0.5333333333333333,45,22,E2
1.0,0.5111111111111111,45,22,E2
1.25,0.5333333333333333,45,22,E2
1.5,0.6,45,22,E2
1.75,0.6666666666666666,45,22,E2
2.0,0.6666666666666666,45,22,E2
2.25,0.6,45,22,E2
2.5,0.6444444444444445,45,22,E2
2.75,0.5777777777777777,45,22,E2
3.0,0.6444444444444445,45,22,E2
3.25,0.5777777777777777,45,22,E2
3.5,0.4888888888888889,45,22,E2
3.75,0.4444444444444444,45,22,E2
4.0,0.4,45,22,E2
0.5,0.5333333333333333,45,27,E2
0.75,0.5111111111111111,45,27,E2
1.0,0.5777777777777777,45,27,E2
1.25,0.6222222222222222,45,27,E2
1.5,0.6444444444444445,45,27,E2
1.75,0.6666666666666666,45,27,E2
2.0,0.7111111111111111,45,27,E2
2.25,0.6666666666666666,45,27,E2
2.5,0.6666666666666666,45,27,E2
2.75,0.5555555555555556,45,27,E2
3.0,0.4888888888888889,45,27,E2
3.25,0.4666666666666667,45,27,E2
3.5,0.4888888888888889,45,27,E2
3.75,0.4888888888888889,45,27,E2
4.0,0.4444444444444444,45,27,E2
0.5,0.6222222222222222,45,31,E2
0.75,0.6444444444444445,45,31,E2
1.0,0.6666666666666666,45,31,E2
1.25,0.7111111111111111,45,31,E2
1.5,0.6888888888888889,45,31,E2
1.75,0.7333333333333333,45,31,E2
2.0,0.7555555555555555,45,31,E2
2.25,0.7111111111111111,45,31,E2
2.5,0.7555555555555555,45,31,E2
2.75,0.7111111111111111,45,31,E2
3.0,0.6666666666666666,45,31,E2
3.25,0.6444444444444445,45,31,E2
3.5,0.6444444444444445,45,31,E2
3.75,0.5777777777777777,45,31,E2
4.0,0.5555555555555556,45,31,E2
0.5,0.4,45,38,E2
0.75,0.4222222222222222,45,38,E2
1.0,0.4444444444444444,45,38,E2
1.25,0.4444444444444444,45,38,E2
1.5,0.4888888888888889,45,38,E2
1.75,0.6,45,38,E2
2.0,0.5777777777777777,45,38,E2
2.25,0.6666666666666666,45,38,E2
2.5,0.6666666666666666,45,38,E2
2.75,0.6222222222222222,45,38,E2
3.0,0.6444444444444445,45,38,E2
3.25,0.5777777777777777,45,38,E2
3.5,0.5555555555555556,45,38,E2
3.75,0.5555555555555556,45,38,E2
4.0,0.5555555555555556,45,38,E2
0.5,0.6,45,65,E2
0.75,0.5555555555555556,45,65,E2
1.0,0.4666666666666667,45,65,E2
1.25,0.4888888888888889,45,65,E2
1.5,0.4444444444444444,45,65,E2
1.75,0.4888888888888889,45,65,E2
2.0,0.5111111111111111,45,65,E2
2.25,0.5333333333333333,45,65,E2
2.5,0.5777777777777777,45,65,E2
2.75,0.5333333333333333,45,65,E2
3.0,0.5333333333333333,45,65,E2
3.25,0.5333333333333333,45,65,E2
3.5,0.5333333333333333,45,65,E2
3.75,0.6222222222222222,45,65,E2
4.0,0.5777777777777777,45,65,E2
0.5,0.5333333333333333,45,77,E2
0.75,0.5555555555555556,45,77,E2
1.0,0.6,45,77,E2
1.25,0.5555555555555556,45,77,E2
1.5,0.4888888888888889,45,77,E2
1.75,0.4888888888888889,45,77,E2
2.0,0.5111111111111111,45,77,E2
2.25,0.5555555555555556,45,77,E2
2.5,0.5333333333333333,45,77,E2
2.75,0.4888888888888889,45,77,E2
3.0,0.5111111111111111,45,77,E2
3.25,0.5777777777777777,45,77,E2
3.5,0.6,45,77,E2
3.75,0.6222222222222222,45,77,E2
4.0,0.5111111111111111,45,77,E2
0.5,0.3111111111111111,45,78,E2
0.75,0.4444444444444444,45,78,E2
1.0,0.4222222222222222,45,78,E2
1.25,0.4888888888888889,45,78,E2
1.5,0.5111111111111111,45,78,E2
1.75,0.5111111111111111,45,78,E2
2.0,0.5333333333333333,45,78,E2
2.25,0.5777777777777777,45,78,E2
2.5,0.6222222222222222,45,78,E2
2.75,0.6,45,78,E2
3.0,0.5555555555555556,45,78,E2
3.25,0.4444444444444444,45,78,E2
3.5,0.5333333333333333,45,78,E2
3.75,0.3777777777777777,45,78,E2
4.0,0.3555555555555555,45,78,E2
0.5,0.6222222222222222,45,80,E2
0.75,0.6,45,80,E2
1.0,0.5333333333333333,45,80,E2
1.25,0.5333333333333333,45,80,E2
1.5,0.5777777777777777,45,80,E2
1.75,0.5555555555555556,45,80,E2
2.0,0.5111111111111111,45,80,E2
2.25,0.5111111111111111,45,80,E2
2.5,0.4888888888888889,45,80,E2
2.75,0.4444444444444444,45,80,E2
3.0,0.5333333333333333,45,80,E2
3.25,0.5333333333333333,45,80,E2
3.5,0.5555555555555556,45,80,E2
3.75,0.5555555555555556,45,80,E2
4.0,0.5111111111111111,45,80,E2
0.5,0.4888888888888889,45,81,E2
0.75,0.4888888888888889,45,81,E2
1.0,0.4888888888888889,45,81,E2
1.25,0.4888888888888889,45,81,E2
1.5,0.4888888888888889,45,81,E2
1.75,0.4888888888888889,45,81,E2
2.0,0.4888888888888889,45,81,E2
2.25,0.4888888888888889,45,81,E2
2.5,0.4888888888888889,45,81,E2
2.75,0.4888888888888889,45,81,E2
3.0,0.5111111111111111,45,81,E2
3.25,0.5111111111111111,45,81,E2
3.5,0.5111111111111111,45,81,E2
3.75,0.5111111111111111,45,81,E2
4.0,0.4888888888888889,45,81,E2
0.5,0.5333333333333333,45,94,E2
0.75,0.5555555555555556,45,94,E2
1.0,0.5555555555555556,45,94,E2
1.25,0.5555555555555556,45,94,E2
1.5,0.5555555555555556,45,94,E2
1.75,0.5555555555555556,45,94,E2
2.0,0.5777777777777777,45,94,E2
2.25,0.5777777777777777,45,94,E2
2.5,0.6,45,94,E2
2.75,0.6,45,94,E2
3.0,0.6,45,94,E2
3.25,0.5555555555555556,45,94,E2
3.5,0.5555555555555556,45,94,E2
3.75,0.5555555555555556,45,94,E2
4.0,0.5777777777777777,45,94,E2
0.5,0.6,45,98,E2
0.75,0.5555555555555556,45,98,E2
1.0,0.6,45,98,E2
1.25,0.5333333333333333,45,98,E2
1.5,0.5555555555555556,45,98,E2
1.75,0.4444444444444444,45,98,E2
2.0,0.4,45,98,E2
2.25,0.4666666666666667,45,98,E2
2.5,0.4888888888888889,45,98,E2
2.75,0.4666666666666667,45,98,E2
3.0,0.3555555555555555,45,98,E2
3.25,0.3555555555555555,45,98,E2
3.5,0.3333333333333333,45,98,E2
3.75,0.4222222222222222,45,98,E2
4.0,0.4222222222222222,45,98,E2
0.5,0.4666666666666667,45,101,E2
0.75,0.4444444444444444,45,101,E2
1.0,0.4666666666666667,45,101,E2
1.25,0.4222222222222222,45,101,E2
1.5,0.4666666666666667,45,101,E2
1.75,0.4666666666666667,45,101,E2
2.0,0.4888888888888889,45,101,E2
2.25,0.5111111111111111,45,101,E2
2.5,0.4888888888888889,45,101,E2
2.75,0.5111111111111111,45,101,E2
3.0,0.5333333333333333,45,101,E2
3.25,0.4888888888888889,45,101,E2
3.5,0.5111111111111111,45,101,E2
3.75,0.5333333333333333,45,101,E2
4.0,0.5555555555555556,45,101,E2
0.5,0.5333333333333333,45,105,E2
0.75,0.5555555555555556,45,105,E2
1.0,0.6222222222222222,45,105,E2
1.25,0.6,45,105,E2
1.5,0.7333333333333333,45,105,E2
1.75,0.7555555555555555,45,105,E2
2.0,0.6888888888888889,45,105,E2
2.25,0.7333333333333333,45,105,E2
2.5,0.7111111111111111,45,105,E2
2.75,0.6222222222222222,45,105,E2
3.0,0.6,45,105,E2
3.25,0.6222222222222222,45,105,E2
3.5,0.5111111111111111,45,105,E2
3.75,0.4888888888888889,45,105,E2
4.0,0.4888888888888889,45,105,E2
0.5,0.5777777777777777,45,106,E2
0.75,0.6222222222222222,45,106,E2
1.0,0.6,45,106,E2
1.25,0.5777777777777777,45,106,E2
1.5,0.5111111111111111,45,106,E2
1.75,0.4666666666666667,45,106,E2
2.0,0.5333333333333333,45,106,E2
2.25,0.5111111111111111,45,106,E2
2.5,0.5111111111111111,45,106,E2
2.75,0.5555555555555556,45,106,E2
3.0,0.5777777777777777,45,106,E2
3.25,0.4,45,106,E2
3.5,0.5111111111111111,45,106,E2
3.75,0.5333333333333333,45,106,E2
4.0,0.5555555555555556,45,106,E2
0.5,0.6444444444444445,45,1,E4
0.75,0.6444444444444445,45,1,E4
1.0,0.6888888888888889,45,1,E4
1.25,0.6444444444444445,45,1,E4
1.5,0.7111111111111111,45,1,E4
1.75,0.7555555555555555,45,1,E4
2.0,0.5111111111111111,45,1,E4
2.25,0.5777777777777777,45,1,E4
2.5,0.7555555555555555,45,1,E4
2.75,0.6,45,1,E4
3.0,0.4,45,1,E4
3.25,0.5111111111111111,45,1,E4
3.5,0.6,45,1,E4
3.75,0.7333333333333333,45,1,E4
4.0,0.6888888888888889,45,1,E4
0.5,0.5333333333333333,45,5,E4
0.75,0.4888888888888889,45,5,E4
1.0,0.5777777777777777,45,5,E4
1.25,0.5111111111111111,45,5,E4
1.5,0.4222222222222222,45,5,E4
1.75,0.4888888888888889,45,5,E4
2.0,0.4444444444444444,45,5,E4
2.25,0.4666666666666667,45,5,E4
2.5,0.5777777777777777,45,5,E4
2.75,0.5111111111111111,45,5,E4
3.0,0.37777777777777777,45,5,E4
3.25,0.4666666666666667,45,5,E4
3.5,0.4888888888888889,45,5,E4
3.75,0.4444444444444444,45,5,E4
4.0,0.4444444444444444,45,5,E4
0.5,0.6444444444444445,45,12,E4
0.75,0.7111111111111111,45,12,E4
1.0,0.5777777777777777,45,12,E4
1.25,0.4888888888888889,45,12,E4
1.5,0.4888888888888889,45,12,E4
1.75,0.4888888888888889,45,12,E4
2.0,0.4888888888888889,45,12,E4
2.25,0.6,45,12,E4
2.5,0.6222222222222222,45,12,E4
2.75,0.6666666666666666,45,12,E4
3.0,0.5111111111111111,45,12,E4
3.25,0.5777777777777777,45,12,E4
3.5,0.6222222222222222,45,12,E4
3.75,0.5111111111111111,45,12,E4
4.0,0.5555555555555556,45,12,E4
0.5,0.5777777777777777,45,15,E4
0.75,0.6444444444444445,45,15,E4
1.0,0.5777777777777777,45,15,E4
1.25,0.7333333333333333,45,15,E4
1.5,0.6666666666666666,45,15,E4
1.75,0.7555555555555555,45,15,E4
2.0,0.7333333333333333,45,15,E4
2.25,0.7777777777777778,45,15,E4
2.5,0.8888888888888888,45,15,E4
2.75,0.7777777777777778,45,15,E4
3.0,0.5777777777777777,45,15,E4
3.25,0.5777777777777777,45,15,E4
3.5,0.6888888888888889,45,15,E4
3.75,0.6444444444444445,45,15,E4
4.0,0.7111111111111111,45,15,E4
0.5,0.5333333333333333,45,22,E4
0.75,0.6,45,22,E4
1.0,0.5333333333333333,45,22,E4
1.25,0.5111111111111111,45,22,E4
1.5,0.6,45,22,E4
1.75,0.6444444444444445,45,22,E4
2.0,0.5555555555555556,45,22,E4
2.25,0.6444444444444445,45,22,E4
2.5,0.7777777777777778,45,22,E4
2.75,0.6888888888888889,45,22,E4
3.0,0.4888888888888889,45,22,E4
3.25,0.4444444444444444,45,22,E4
3.5,0.5333333333333333,45,22,E4
3.75,0.5333333333333333,45,22,E4
4.0,0.5111111111111111,45,22,E4
0.5,0.4666666666666667,45,27,E4
0.75,0.5111111111111111,45,27,E4
1.0,0.4666666666666667,45,27,E4
1.25,0.5111111111111111,45,27,E4
1.5,0.5777777777777777,45,27,E4
1.75,0.5777777777777777,45,27,E4
2.0,0.6222222222222222,45,27,E4
2.25,0.6222222222222222,45,27,E4
2.5,0.6444444444444445,45,27,E4
2.75,0.6,45,27,E4
3.0,0.6,45,27,E4
3.25,0.4666666666666667,45,27,E4
3.5,0.5111111111111111,45,27,E4
3.75,0.5111111111111111,45,27,E4
4.0,0.4444444444444444,45,27,E4
0.5,0.6,45,31,E4
0.75,0.6444444444444445,45,31,E4
1.0,0.7333333333333333,45,31,E4
1.25,0.7555555555555555,45,31,E4
1.5,0.7555555555555555,45,31,E4
1.75,0.7555555555555555,45,31,E4
2.0,0.6888888888888889,45,31,E4
2.25,0.6666666666666666,45,31,E4
2.5,0.8666666666666667,45,31,E4
2.75,0.7777777777777778,45,31,E4
3.0,0.6222222222222222,45,31,E4
3.25,0.5555555555555556,45,31,E4
3.5,0.6,45,31,E4
3.75,0.5777777777777777,45,31,E4
4.0,0.6444444444444445,45,31,E4
0.5,0.37777777777777777,45,38,E4
0.75,0.4666666666666667,45,38,E4
1.0,0.4444444444444444,45,38,E4
1.25,0.5111111111111111,45,38,E4
1.5,0.5555555555555556,45,38,E4
1.75,0.6222222222222222,45,38,E4
2.0,0.5777777777777777,45,38,E4
2.25,0.6222222222222222,45,38,E4
2.5,0.6,45,38,E4
2.75,0.4888888888888889,45,38,E4
3.0,0.5333333333333333,45,38,E4
3.25,0.5333333333333333,45,38,E4
3.5,0.4888888888888889,45,38,E4
3.75,0.4666666666666667,45,38,E4
4.0,0.5111111111111111,45,38,E4
0.5,0.4444444444444444,45,65,E4
0.75,0.4888888888888889,45,65,E4
1.0,0.5777777777777777,45,65,E4
1.25,0.4888888888888889,45,65,E4
1.5,0.5777777777777777,45,65,E4
1.75,0.6,45,65,E4
2.0,0.5777777777777777,45,65,E4
2.25,0.6222222222222222,45,65,E4
2.5,0.7111111111111111,45,65,E4
2.75,0.7333333333333333,45,65,E4
3.0,0.6666666666666666,45,65,E4
3.25,0.6,45,65,E4
3.5,0.6888888888888889,45,65,E4
3.75,0.6444444444444445,45,65,E4
4.0,0.6666666666666666,45,65,E4
0.5,0.6,45,77,E4
0.75,0.5555555555555556,45,77,E4
1.0,0.4222222222222222,45,77,E4
1.25,0.4888888888888889,45,77,E4
1.5,0.4666666666666667,45,77,E4
1.75,0.5333333333333333,45,77,E4
2.0,0.5333333333333333,45,77,E4
2.25,0.6666666666666666,45,77,E4
2.5,0.7555555555555555,45,77,E4
2.75,0.7333333333333333,45,77,E4
3.0,0.6444444444444445,45,77,E4
3.25,0.6222222222222222,45,77,E4
3.5,0.5333333333333333,45,77,E4
3.75,0.5111111111111111,45,77,E4
4.0,0.4444444444444444,45,77,E4
0.5,0.4444444444444444,45,78,E4
0.75,0.4222222222222222,45,78,E4
1.0,0.4,45,78,E4
1.25,0.4888888888888889,45,78,E4
1.5,0.4,45,78,E4
1.75,0.5555555555555556,45,78,E4
2.0,0.4444444444444444,45,78,E4
2.25,0.5111111111111111,45,78,E4
2.5,0.5777777777777777,45,78,E4
2.75,0.6,45,78,E4
3.0,0.5333333333333333,45,78,E4
3.25,0.5777777777777777,45,78,E4
3.5,0.4888888888888889,45,78,E4
3.75,0.5777777777777777,45,78,E4
4.0,0.6,45,78,E4
0.5,0.5555555555555556,45,80,E4
0.75,0.5555555555555556,45,80,E4
1.0,0.5555555555555556,45,80,E4
1.25,0.5777777777777777,45,80,E4
1.5,0.6,45,80,E4
1.75,0.5333333333333333,45,80,E4
2.0,0.4888888888888889,45,80,E4
2.25,0.4444444444444444,45,80,E4
2.5,0.4666666666666667,45,80,E4
2.75,0.4666666666666667,45,80,E4
3.0,0.5555555555555556,45,80,E4
3.25,0.4888888888888889,45,80,E4
3.5,0.5777777777777777,45,80,E4
3.75,0.4666666666666667,45,80,E4
4.0,0.4666666666666667,45,80,E4
0.5,0.4666666666666667,45,81,E4
0.75,0.4888888888888889,45,81,E4
1.0,0.5111111111111111,45,81,E4
1.25,0.5555555555555556,45,81,E4
1.5,0.5333333333333333,45,81,E4
1.75,0.5555555555555556,45,81,E4
2.0,0.5111111111111111,45,81,E4
2.25,0.5555555555555556,45,81,E4
2.5,0.6444444444444445,45,81,E4
2.75,0.4666666666666667,45,81,E4
3.0,0.37777777777777777,45,81,E4
3.25,0.5777777777777777,45,81,E4
3.5,0.5777777777777777,45,81,E4
3.75,0.6222222222222222,45,81,E4
4.0,0.6,45,81,E4
0.5,0.5111111111111111,45,94,E4
0.75,0.5111111111111111,45,94,E4
1.0,0.5333333333333333,45,94,E4
1.25,0.5333333333333333,45,94,E4
1.5,0.6,45,94,E4
1.75,0.6,45,94,E4
2.0,0.6222222222222222,45,94,E4
2.25,0.6444444444444445,45,94,E4
2.5,0.6444444444444445,45,94,E4
2.75,0.5777777777777777,45,94,E4
3.0,0.6444444444444445,45,94,E4
3.25,0.6666666666666666,45,94,E4
3.5,0.6222222222222222,45,94,E4
3.75,0.6444444444444445,45,94,E4
4.0,0.6222222222222222,45,94,E4
0.5,0.4444444444444444,45,98,E4
0.75,0.4666666666666667,45,98,E4
1.0,0.5111111111111111,45,98,E4
1.25,0.4444444444444444,45,98,E4
1.5,0.4,45,98,E4
1.75,0.4222222222222222,45,98,E4
2.0,0.5555555555555556,45,98,E4
2.25,0.4222222222222222,45,98,E4
2.5,0.4444444444444444,45,98,E4
2.75,0.4444444444444444,45,98,E4
3.0,0.4222222222222222,45,98,E4
3.25,0.5555555555555556,45,98,E4
3.5,0.5333333333333333,45,98,E4
3.75,0.5555555555555556,45,98,E4
4.0,0.5777777777777777,45,98,E4
0.5,0.5555555555555556,45,101,E4
0.75,0.4888888888888889,45,101,E4
1.0,0.4666666666666667,45,101,E4
1.25,0.5111111111111111,45,101,E4
1.5,0.5111111111111111,45,101,E4
1.75,0.6666666666666666,45,101,E4
2.0,0.7333333333333333,45,101,E4
2.25,0.7111111111111111,45,101,E4
2.5,0.8888888888888888,45,101,E4
2.75,0.8444444444444444,45,101,E4
3.0,0.5333333333333333,45,101,E4
3.25,0.5555555555555556,45,101,E4
3.5,0.5777777777777777,45,101,E4
3.75,0.4222222222222222,45,101,E4
4.0,0.4444444444444444,45,101,E4
0.5,0.5333333333333333,45,105,E4
0.75,0.5111111111111111,45,105,E4
1.0,0.6222222222222222,45,105,E4
1.25,0.6888888888888889,45,105,E4
1.5,0.7333333333333333,45,105,E4
1.75,0.7777777777777778,45,105,E4
2.0,0.7333333333333333,45,105,E4
2.25,0.8,45,105,E4
2.5,0.9333333333333333,45,105,E4
2.75,0.8888888888888888,45,105,E4
3.0,0.6666666666666666,45,105,E4
3.25,0.6666666666666666,45,105,E4
3.5,0.7111111111111111,45,105,E4
3.75,0.6444444444444445,45,105,E4
4.0,0.6666666666666666,45,105,E4
0.5,0.6888888888888889,45,106,E4
0.75,0.6222222222222222,45,106,E4
1.0,0.6888888888888889,45,106,E4
1.25,0.5777777777777777,45,106,E4
1.5,0.6444444444444445,45,106,E4
1.75,0.6444444444444445,45,106,E4
2.0,0.6666666666666666,45,106,E4
2.25,0.6888888888888889,45,106,E4
2.5,0.6,45,106,E4
2.75,0.5555555555555556,45,106,E4
3.0,0.4444444444444444,45,106,E4
3.25,0.5111111111111111,45,106,E4
3.5,0.5777777777777777,45,106,E4
3.75,0.6,45,106,E4
4.0,0.6222222222222222,45,106,E4
0.5,0.6666666666666666,45,1,E7
0.75,0.6888888888888889,45,1,E7
1.0,0.6,45,1,E7
1.25,0.6444444444444445,45,1,E7
1.5,0.5777777777777777,45,1,E7
1.75,0.6444444444444445,45,1,E7
2.0,0.5555555555555556,45,1,E7
2.25,0.6222222222222222,45,1,E7
2.5,0.6666666666666666,45,1,E7
2.75,0.5777777777777777,45,1,E7
3.0,0.6444444444444445,45,1,E7
3.25,0.5777777777777777,45,1,E7
3.5,0.7111111111111111,45,1,E7
3.75,0.7111111111111111,45,1,E7
4.0,0.6888888888888889,45,1,E7
0.5,0.4444444444444444,45,5,E7
0.75,0.4888888888888889,45,5,E7
1.0,0.6444444444444445,45,5,E7
1.25,0.5111111111111111,45,5,E7
1.5,0.5555555555555556,45,5,E7
1.75,0.5333333333333333,45,5,E7
2.0,0.4,45,5,E7
2.25,0.4444444444444444,45,5,E7
2.5,0.5333333333333333,45,5,E7
2.75,0.4,45,5,E7
3.0,0.4,45,5,E7
3.25,0.4444444444444444,45,5,E7
3.5,0.4888888888888889,45,5,E7
3.75,0.4666666666666667,45,5,E7
4.0,0.4666666666666667,45,5,E7
0.5,0.4888888888888889,45,12,E7
0.75,0.6,45,12,E7
1.0,0.6444444444444445,45,12,E7
1.25,0.5777777777777777,45,12,E7
1.5,0.6,45,12,E7
1.75,0.5777777777777777,45,12,E7
2.0,0.5555555555555556,45,12,E7
2.25,0.6,45,12,E7
2.5,0.6444444444444445,45,12,E7
2.75,0.6666666666666666,45,12,E7
3.0,0.6888888888888889,45,12,E7
3.25,0.6666666666666666,45,12,E7
3.5,0.6222222222222222,45,12,E7
3.75,0.6222222222222222,45,12,E7
4.0,0.6222222222222222,45,12,E7
0.5,0.5333333333333333,45,15,E7
0.75,0.5777777777777777,45,15,E7
1.0,0.6222222222222222,45,15,E7
1.25,0.6888888888888889,45,15,E7
1.5,0.7111111111111111,45,15,E7
1.75,0.7777777777777778,45,15,E7
2.0,0.8222222222222222,45,15,E7
2.25,0.8222222222222222,45,15,E7
2.5,0.8444444444444444,45,15,E7
2.75,0.7333333333333333,45,15,E7
3.0,0.6666666666666666,45,15,E7
3.25,0.7555555555555555,45,15,E7
3.5,0.7555555555555555,45,15,E7
3.75,0.7555555555555555,45,15,E7
4.0,0.8222222222222222,45,15,E7
0.5,0.5333333333333333,45,22,E7
0.75,0.6,45,22,E7
1.0,0.4666666666666667,45,22,E7
1.25,0.5333333333333333,45,22,E7
1.5,0.5555555555555556,45,22,E7
1.75,0.5777777777777777,45,22,E7
2.0,0.5333333333333333,45,22,E7
2.25,0.4888888888888889,45,22,E7
2.5,0.5777777777777777,45,22,E7
2.75,0.5333333333333333,45,22,E7
3.0,0.4666666666666667,45,22,E7
3.25,0.6,45,22,E7
3.5,0.5111111111111111,45,22,E7
3.75,0.5333333333333333,45,22,E7
4.0,0.5333333333333333,45,22,E7
0.5,0.6,45,27,E7
0.75,0.6888888888888889,45,27,E7
1.0,0.6666666666666666,45,27,E7
1.25,0.6444444444444445,45,27,E7
1.5,0.6666666666666666,45,27,E7
1.75,0.7555555555555555,45,27,E7
2.0,0.6666666666666666,45,27,E7
2.25,0.5777777777777777,45,27,E7
2.5,0.6666666666666666,45,27,E7
2.75,0.6444444444444445,45,27,E7
3.0,0.6222222222222222,45,27,E7
3.25,0.5555555555555556,45,27,E7
3.5,0.6,45,27,E7
3.75,0.5555555555555556,45,27,E7
4.0,0.6222222222222222,45,27,E7
0.5,0.7555555555555555,45,31,E7
0.75,0.6666666666666666,45,31,E7
1.0,0.7777777777777778,45,31,E7
1.25,0.7111111111111111,45,31,E7
1.5,0.8222222222222222,45,31,E7
1.75,0.8,45,31,E7
2.0,0.7555555555555555,45,31,E7
2.25,0.7111111111111111,45,31,E7
2.5,0.8222222222222222,45,31,E7
2.75,0.7777777777777778,45,31,E7
3.0,0.6666666666666666,45,31,E7
3.25,0.6222222222222222,45,31,E7
3.5,0.6222222222222222,45,31,E7
3.75,0.6,45,31,E7
4.0,0.6,45,31,E7
0.5,0.37777777777777777,45,38,E7
0.75,0.4,45,38,E7
1.0,0.4666666666666667,45,38,E7
1.25,0.5333333333333333,45,38,E7
1.5,0.5333333333333333,45,38,E7
1.75,0.6,45,38,E7
2.0,0.6,45,38,E7
2.25,0.6222222222222222,45,38,E7
2.5,0.5777777777777777,45,38,E7
2.75,0.4888888888888889,45,38,E7
3.0,0.5111111111111111,45,38,E7
3.25,0.5111111111111111,45,38,E7
3.5,0.5777777777777777,45,38,E7
3.75,0.5333333333333333,45,38,E7
4.0,0.5333333333333333,45,38,E7
0.5,0.6444444444444445,45,65,E7
0.75,0.6,45,65,E7
1.0,0.6222222222222222,45,65,E7
1.25,0.6666666666666666,45,65,E7
1.5,0.6222222222222222,45,65,E7
1.75,0.6666666666666666,45,65,E7
2.0,0.7333333333333333,45,65,E7
2.25,0.7111111111111111,45,65,E7
2.5,0.7111111111111111,45,65,E7
2.75,0.6444444444444445,45,65,E7
3.0,0.6222222222222222,45,65,E7
3.25,0.6888888888888889,45,65,E7
3.5,0.6222222222222222,45,65,E7
3.75,0.6888888888888889,45,65,E7
4.0,0.6,45,65,E7
0.5,0.6,45,77,E7
0.75,0.4888888888888889,45,77,E7
1.0,0.5555555555555556,45,77,E7
1.25,0.5333333333333333,45,77,E7
1.5,0.5111111111111111,45,77,E7
1.75,0.4444444444444444,45,77,E7
2.0,0.5555555555555556,45,77,E7
2.25,0.5777777777777777,45,77,E7
2.5,0.6666666666666666,45,77,E7
2.75,0.5777777777777777,45,77,E7
3.0,0.5555555555555556,45,77,E7
3.25,0.5777777777777777,45,77,E7
3.5,0.4444444444444444,45,77,E7
3.75,0.6,45,77,E7
4.0,0.5777777777777777,45,77,E7
0.5,0.4888888888888889,45,78,E7
0.75,0.4222222222222222,45,78,E7
1.0,0.4888888888888889,45,78,E7
1.25,0.5555555555555556,45,78,E7
1.5,0.5333333333333333,45,78,E7
1.75,0.5777777777777777,45,78,E7
2.0,0.4888888888888889,45,78,E7
2.25,0.5777777777777777,45,78,E7
2.5,0.5777777777777777,45,78,E7
2.75,0.4888888888888889,45,78,E7
3.0,0.4888888888888889,45,78,E7
3.25,0.5111111111111111,45,78,E7
3.5,0.4666666666666667,45,78,E7
3.75,0.6222222222222222,45,78,E7
4.0,0.5333333333333333,45,78,E7
0.5,0.6222222222222222,45,80,E7
0.75,0.5555555555555556,45,80,E7
1.0,0.6444444444444445,45,80,E7
1.25,0.6666666666666666,45,80,E7
1.5,0.6222222222222222,45,80,E7
1.75,0.6444444444444445,45,80,E7
2.0,0.6222222222222222,45,80,E7
2.25,0.5555555555555556,45,80,E7
2.5,0.5555555555555556,45,80,E7
2.75,0.4888888888888889,45,80,E7
3.0,0.5111111111111111,45,80,E7
3.25,0.6,45,80,E7
3.5,0.6,45,80,E7
3.75,0.5555555555555556,45,80,E7
4.0,0.5777777777777777,45,80,E7
0.5,0.4888888888888889,45,81,E7
0.75,0.5333333333333333,45,81,E7
1.0,0.5111111111111111,45,81,E7
1.25,0.4888888888888889,45,81,E7
1.5,0.5333333333333333,45,81,E7
1.75,0.5777777777777777,45,81,E7
2.0,0.5111111111111111,45,81,E7
2.25,0.5333333333333333,45,81,E7
2.5,0.5777777777777777,45,81,E7
2.75,0.5777777777777777,45,81,E7
3.0,0.5555555555555556,45,81,E7
3.25,0.5555555555555556,45,81,E7
3.5,0.5111111111111111,45,81,E7
3.75,0.5111111111111111,45,81,E7
4.0,0.5111111111111111,45,81,E7
0.5,0.5333333333333333,45,94,E7
0.75,0.5111111111111111,45,94,E7
1.0,0.6,45,94,E7
1.25,0.4888888888888889,45,94,E7
1.5,0.6222222222222222,45,94,E7
1.75,0.7333333333333333,45,94,E7
2.0,0.7555555555555555,45,94,E7
2.25,0.8222222222222222,45,94,E7
2.5,0.7777777777777778,45,94,E7
2.75,0.7333333333333333,45,94,E7
3.0,0.8,45,94,E7
3.25,0.8,45,94,E7
3.5,0.7555555555555555,45,94,E7
3.75,0.7777777777777778,45,94,E7
4.0,0.7111111111111111,45,94,E7
0.5,0.5777777777777777,45,98,E7
0.75,0.6,45,98,E7
1.0,0.5777777777777777,45,98,E7
1.25,0.5777777777777777,45,98,E7
1.5,0.5111111111111111,45,98,E7
1.75,0.4444444444444444,45,98,E7
2.0,0.5111111111111111,45,98,E7
2.25,0.6222222222222222,45,98,E7
2.5,0.6444444444444445,45,98,E7
2.75,0.6444444444444445,45,98,E7
3.0,0.6222222222222222,45,98,E7
3.25,0.5777777777777777,45,98,E7
3.5,0.5777777777777777,45,98,E7
3.75,0.5111111111111111,45,98,E7
4.0,0.4888888888888889,45,98,E7
0.5,0.4666666666666667,45,101,E7
0.75,0.5111111111111111,45,101,E7
1.0,0.5111111111111111,45,101,E7
1.25,0.5333333333333333,45,101,E7
1.5,0.6,45,101,E7
1.75,0.6,45,101,E7
2.0,0.6,45,101,E7
2.25,0.5333333333333333,45,101,E7
2.5,0.6222222222222222,45,101,E7
2.75,0.5777777777777777,45,101,E7
3.0,0.4666666666666667,45,101,E7
3.25,0.4888888888888889,45,101,E7
3.5,0.5333333333333333,45,101,E7
3.75,0.5333333333333333,45,101,E7
4.0,0.4444444444444444,45,101,E7
0.5,0.6222222222222222,45,105,E7
0.75,0.6444444444444445,45,105,E7
1.0,0.6444444444444445,45,105,E7
1.25,0.6666666666666666,45,105,E7
1.5,0.6666666666666666,45,105,E7
1.75,0.6666666666666666,45,105,E7
2.0,0.5777777777777777,45,105,E7
2.25,0.7111111111111111,45,105,E7
2.5,0.7777777777777778,45,105,E7
2.75,0.6444444444444445,45,105,E7
3.0,0.6,45,105,E7
3.25,0.6444444444444445,45,105,E7
3.5,0.6,45,105,E7
3.75,0.6,45,105,E7
4.0,0.6,45,105,E7
0.5,0.6444444444444445,45,106,E7
0.75,0.6444444444444445,45,106,E7
1.0,0.4888888888888889,45,106,E7
1.25,0.5333333333333333,45,106,E7
1.5,0.5555555555555556,45,106,E7
1.75,0.5333333333333333,45,106,E7
2.0,0.5333333333333333,45,106,E7
2.25,0.6,45,106,E7
2.5,0.5111111111111111,45,106,E7
2.75,0.5333333333333333,45,106,E7
3.0,0.6222222222222222,45,106,E7
3.25,0.6,45,106,E7
3.5,0.6444444444444445,45,106,E7
3.75,0.5111111111111111,45,106,E7
4.0,0.5555555555555556,45,106,E7
