offset,acc,n,subject
0.5,0.7142857142857143,14,1
0.75,0.6428571428571429,14,1
1.0,0.5714285714285714,14,1
1.25,0.42857142857142855,14,1
1.5,0.5714285714285714,14,1
1.75,0.6428571428571429,14,1
2.0,0.6428571428571429,14,1
2.25,0.7857142857142857,14,1
2.5,0.7857142857142857,14,1
2.75,0.7142857142857143,14,1
3.0,0.7142857142857143,14,1
3.25,0.7857142857142857,14,1
3.5,0.7857142857142857,14,1
3.75,0.5714285714285714,14,1
4.0,0.6428571428571429,14,1
0.5,0.6428571428571429,14,2
0.75,0.6428571428571429,14,2
1.0,0.6428571428571429,14,2
1.25,0.5,14,2
1.5,0.5,14,2
1.75,0.42857142857142855,14,2
2.0,0.6428571428571429,14,2
2.25,0.6428571428571429,14,2
2.5,0.6428571428571429,14,2
2.75,0.7142857142857143,14,2
3.0,0.7142857142857143,14,2
3.25,0.7142857142857143,14,2
3.5,0.7142857142857143,14,2
3.75,0.7857142857142857,14,2
4.0,0.7857142857142857,14,2
0.5,0.35714285714285715,14,3
0.75,0.5,14,3
1.0,0.5714285714285714,14,3
1.25,0.6428571428571429,14,3
1.5,0.5714285714285714,14,3
1.75,0.7142857142857143,14,3
2.0,0.6428571428571429,14,3
2.25,0.6428571428571429,14,3
2.5,0.6428571428571429,14,3
2.75,0.6428571428571429,14,3
3.0,0.6428571428571429,14,3
3.25,0.5714285714285714,14,3
3.5,0.5,14,3
3.75,0.5,14,3
4.0,0.5714285714285714,14,3
0.5,0.35714285714285715,14,4
0.75,0.42857142857142855,14,4
1.0,0.6428571428571429,14,4
1.25,0.7142857142857143,14,4
1.5,0.8571428571428571,14,4
1.75,0.7142857142857143,14,4
2.0,0.7857142857142857,14,4
2.25,0.7857142857142857,14,4
2.5,0.7142857142857143,14,4
2.75,0.7142857142857143,14,4
3.0,0.6428571428571429,14,4
3.25,0.6428571428571429,14,4
3.5,0.5714285714285714,14,4
3.75,0.42857142857142855,14,4
4.0,0.2857142857142857,14,4
0.5,0.5714285714285714,14,5
0.75,0.5714285714285714,14,5
1.0,0.6428571428571429,14,5
1.25,0.5714285714285714,14,5
1.5,0.6428571428571429,14,5
1.75,0.7142857142857143,14,5
2.0,0.7857142857142857,14,5
2.25,0.6428571428571429,14,5
2.5,0.6428571428571429,14,5
2.75,0.5,14,5
3.0,0.5,14,5
3.25,0.5714285714285714,14,5
3.5,0.6428571428571429,14,5
3.75,0.7142857142857143,14,5
4.0,0.6428571428571429,14,5
0.5,0.6428571428571429,14,6
0.75,0.6428571428571429,14,6
1.0,0.5,14,6
1.25,0.5,14,6
1.5,0.2857142857142857,14,6
1.75,0.35714285714285715,14,6
2.0,0.35714285714285715,14,6
2.25,0.2857142857142857,14,6
2.5,0.35714285714285715,14,6
2.75,0.2857142857142857,14,6
3.0,0.2857142857142857,14,6
3.25,0.35714285714285715,14,6
3.5,0.35714285714285715,14,6
3.75,0.42857142857142855,14,6
4.0,0.5714285714285714,14,6
0.5,0.6428571428571429,14,7
0.75,0.6428571428571429,14,7
1.0,0.7142857142857143,14,7
1.25,0.7142857142857143,14,7
1.5,0.7857142857142857,14,7
1.75,0.8571428571428571,14,7
2.0,1.0,14,7
2.25,1.0,14,7
2.5,1.0,14,7
2.75,1.0,14,7
3.0,1.0,14,7
3.25,1.0,14,7
3.5,1.0,14,7
3.75,1.0,14,7
4.0,1.0,14,7
0.5,0.35714285714285715,14,8
0.75,0.42857142857142855,14,8
1.0,0.35714285714285715,14,8
1.25,0.35714285714285715,14,8
1.5,0.35714285714285715,14,8
1.75,0.42857142857142855,14,8
2.0,0.42857142857142855,14,8
2.25,0.42857142857142855,14,8
2.5,0.42857142857142855,14,8
2.75,0.35714285714285715,14,8
3.0,0.35714285714285715,14,8
3.25,0.42857142857142855,14,8
3.5,0.42857142857142855,14,8
3.75,0.42857142857142855,14,8
4.0,0.42857142857142855,14,8
0.5,0.5,14,9
0.75,0.5714285714285714,14,9
1.0,0.5,14,9
1.25,0.6428571428571429,14,9
1.5,0.5,14,9
1.75,0.6428571428571429,14,9
2.0,0.6428571428571429,14,9
2.25,0.6428571428571429,14,9
2.5,0.6428571428571429,14,9
2.75,0.6428571428571429,14,9
3.0,0.7142857142857143,14,9
3.25,0.5714285714285714,14,9
3.5,0.6428571428571429,14,9
3.75,0.6428571428571429,14,9
4.0,0.6428571428571429,14,9
0.5,0.6428571428571429,14,10
0.75,0.5714285714285714,14,10
1.0,0.5,14,10
1.25,0.6428571428571429,14,10
1.5,0.7857142857142857,14,10
1.75,0.6428571428571429,14,10
2.0,0.5714285714285714,14,10
2.25,0.42857142857142855,14,10
2.5,0.35714285714285715,14,10
2.75,0.35714285714285715,14,10
3.0,0.5,14,10
3.25,0.5714285714285714,14,10
3.5,0.35714285714285715,14,10
3.75,0.5,14,10
4.0,0.42857142857142855,14,10
0.5,0.5714285714285714,14,11
0.75,0.6428571428571429,14,11
1.0,0.7142857142857143,14,11
1.25,0.6428571428571429,14,11
1.5,0.7857142857142857,14,11
1.75,0.7857142857142857,14,11
2.0,0.7857142857142857,14,11
2.25,0.42857142857142855,14,11
2.5,0.6428571428571429,14,11
2.75,0.5714285714285714,14,11
3.0,0.5714285714285714,14,11
3.25,0.5,14,11
3.5,0.42857142857142855,14,11
3.75,0.5714285714285714,14,11
4.0,0.6428571428571429,14,11
0.5,0.5714285714285714,14,12
0.75,0.5714285714285714,14,12
1.0,0.5714285714285714,14,12
1.25,0.7142857142857143,14,12
1.5,0.8571428571428571,14,12
1.75,0.7142857142857143,14,12
2.0,0.6428571428571429,14,12
2.25,0.7142857142857143,14,12
2.5,0.7142857142857143,14,12
2.75,0.7857142857142857,14,12
3.0,0.7857142857142857,14,12
3.25,0.6428571428571429,14,12
3.5,0.5714285714285714,14,12
3.75,0.6428571428571429,14,12
4.0,0.7142857142857143,14,12
0.5,0.5,14,13
0.75,0.5,14,13
1.0,0.5,14,13
1.25,0.5,14,13
1.5,0.5,14,13
1.75,0.5714285714285714,14,13
2.0,0.5,14,13
2.25,0.5,14,13
2.5,0.5,14,13
2.75,0.5714285714285714,14,13
3.0,0.5,14,13
3.25,0.5,14,13
3.5,0.5,14,13
3.75,0.5,14,13
4.0,0.5,14,13
0.5,0.5714285714285714,14,14
0.75,0.5,14,14
1.0,0.5,14,14
1.25,0.6428571428571429,14,14
1.5,0.5714285714285714,14,14
1.75,0.5,14,14
2.0,0.5714285714285714,14,14
2.25,0.5714285714285714,14,14
2.5,0.5714285714285714,14,14
2.75,0.7142857142857143,14,14
3.0,0.6428571428571429,14,14
3.25,0.5,14,14
3.5,0.5714285714285714,14,14
3.75,0.5714285714285714,14,14
4.0,0.5714285714285714,14,14
0.5,0.6428571428571429,14,15
0.75,0.7857142857142857,14,15
1.0,0.6428571428571429,14,15
1.25,0.7142857142857143,14,15
1.5,0.8571428571428571,14,15
1.75,0.8571428571428571,14,15
2.0,0.8571428571428571,14,15
2.25,0.8571428571428571,14,15
2.5,0.7142857142857143,14,15
2.75,0.7142857142857143,14,15
3.0,0.7857142857142857,14,15
3.25,0.8571428571428571,14,15
3.5,0.6428571428571429,14,15
3.75,0.6428571428571429,14,15
4.0,0.7142857142857143,14,15
0.5,0.7142857142857143,14,16
0.75,0.5714285714285714,14,16
1.0,0.6428571428571429,14,16
1.25,0.6428571428571429,14,16
1.5,0.6428571428571429,14,16
1.75,0.5714285714285714,14,16
2.0,0.5,14,16
2.25,0.35714285714285715,14,16
2.5,0.2857142857142857,14,16
2.75,0.2857142857142857,14,16
3.0,0.35714285714285715,14,16
3.25,0.35714285714285715,14,16
3.5,0.42857142857142855,14,16
3.75,0.5714285714285714,14,16
4.0,0.6428571428571429,14,16
0.5,0.7857142857142857,14,17
0.75,0.6428571428571429,14,17
1.0,0.5714285714285714,14,17
1.25,0.5714285714285714,14,17
1.5,0.5,14,17
1.75,0.6428571428571429,14,17
2.0,0.6428571428571429,14,17
2.25,0.5,14,17
2.5,0.42857142857142855,14,17
2.75,0.5,14,17
3.0,0.5714285714285714,14,17
3.25,0.42857142857142855,14,17
3.5,0.5,14,17
3.75,0.5714285714285714,14,17
4.0,0.5,14,17
0.5,0.6428571428571429,14,18
0.75,0.6428571428571429,14,18
1.0,0.5714285714285714,14,18
1.25,0.6428571428571429,14,18
1.5,0.5714285714285714,14,18
1.75,0.42857142857142855,14,18
2.0,0.42857142857142855,14,18
2.25,0.5,14,18
2.5,0.42857142857142855,14,18
2.75,0.42857142857142855,14,18
3.0,0.42857142857142855,14,18
3.25,0.42857142857142855,14,18
3.5,0.35714285714285715,14,18
3.75,0.42857142857142855,14,18
4.0,0.2857142857142857,14,18
0.5,0.21428571428571427,14,19
0.75,0.35714285714285715,14,19
1.0,0.42857142857142855,14,19
1.25,0.42857142857142855,14,19
1.5,0.5714285714285714,14,19
1.75,0.5714285714285714,14,19
2.0,0.5,14,19
2.25,0.35714285714285715,14,19
2.5,0.42857142857142855,14,19
2.75,0.2857142857142857,14,19
3.0,0.21428571428571427,14,19
3.25,0.21428571428571427,14,19
3.5,0.21428571428571427,14,19
3.75,0.21428571428571427,14,19
4.0,0.21428571428571427,14,19
0.5,0.5,14,20
0.75,0.5,14,20
1.0,0.5,14,20
1.25,0.42857142857142855,14,20
1.5,0.42857142857142855,14,20
1.75,0.42857142857142855,14,20
2.0,0.35714285714285715,14,20
2.25,0.35714285714285715,14,20
2.5,0.35714285714285715,14,20
2.75,0.35714285714285715,14,20
3.0,0.35714285714285715,14,20
3.25,0.42857142857142855,14,20
3.5,0.42857142857142855,14,20
3.75,0.35714285714285715,14,20
4.0,0.42857142857142855,14,20
0.5,0.7142857142857143,14,21
0.75,0.5714285714285714,14,21
1.0,0.5714285714285714,14,21
1.25,0.6428571428571429,14,21
1.5,0.6428571428571429,14,21
1.75,0.6428571428571429,14,21
2.0,0.5,14,21
2.25,0.5,14,21
2.5,0.6428571428571429,14,21
2.75,0.6428571428571429,14,21
3.0,0.6428571428571429,14,21
3.25,0.5714285714285714,14,21
3.5,0.6428571428571429,14,21
3.75,0.5714285714285714,14,21
4.0,0.5714285714285714,14,21
0.5,0.35714285714285715,14,22
0.75,0.5714285714285714,14,22
1.0,0.5,14,22
1.25,0.5,14,22
1.5,0.5714285714285714,14,22
1.75,0.6428571428571429,14,22
2.0,0.5,14,22
2.25,0.5714285714285714,14,22
2.5,0.5,14,22
2.75,0.5714285714285714,14,22
3.0,0.5714285714285714,14,22
3.25,0.42857142857142855,14,22
3.5,0.42857142857142855,14,22
3.75,0.35714285714285715,14,22
4.0,0.35714285714285715,14,22
0.5,0.5714285714285714,14,23
0.75,0.5714285714285714,14,23
1.0,0.5714285714285714,14,23
1.25,0.5714285714285714,14,23
1.5,0.5714285714285714,14,23
1.75,0.5714285714285714,14,23
2.0,0.5714285714285714,14,23
2.25,0.5714285714285714,14,23
2.5,0.6428571428571429,14,23
2.75,0.6428571428571429,14,23
3.0,0.6428571428571429,14,23
3.25,0.5714285714285714,14,23
3.5,0.5714285714285714,14,23
3.75,0.5714285714285714,14,23
4.0,0.5714285714285714,14,23
0.5,0.42857142857142855,14,24
0.75,0.5,14,24
1.0,0.5,14,24
1.25,0.5714285714285714,14,24
1.5,0.6428571428571429,14,24
1.75,0.7142857142857143,14,24
2.0,0.7142857142857143,14,24
2.25,0.6428571428571429,14,24
2.5,0.7142857142857143,14,24
2.75,0.7142857142857143,14,24
3.0,0.7857142857142857,14,24
3.25,0.7857142857142857,14,24
3.5,0.7857142857142857,14,24
3.75,0.7857142857142857,14,24
4.0,0.7857142857142857,14,24
0.5,0.5,14,25
0.75,0.5714285714285714,14,25
1.0,0.6428571428571429,14,25
1.25,0.5714285714285714,14,25
1.5,0.7142857142857143,14,25
1.75,0.7142857142857143,14,25
2.0,0.5,14,25
2.25,0.6428571428571429,14,25
2.5,0.6428571428571429,14,25
2.75,0.5714285714285714,14,25
3.0,0.6428571428571429,14,25
3.25,0.7142857142857143,14,25
3.5,0.6428571428571429,14,25
3.75,0.7857142857142857,14,25
4.0,0.7142857142857143,14,25
0.5,0.42857142857142855,14,26
0.75,0.5,14,26
1.0,0.5,14,26
1.25,0.5,14,26
1.5,0.7142857142857143,14,26
1.75,0.7142857142857143,14,26
2.0,0.8571428571428571,14,26
2.25,0.7857142857142857,14,26
2.5,0.7857142857142857,14,26
2.75,0.6428571428571429,14,26
3.0,0.7142857142857143,14,26
3.25,0.7142857142857143,14,26
3.5,0.6428571428571429,14,26
3.75,0.7142857142857143,14,26
4.0,0.6428571428571429,14,26
0.5,0.7142857142857143,14,27
0.75,0.7857142857142857,14,27
1.0,0.7857142857142857,14,27
1.25,0.7857142857142857,14,27
1.5,0.5714285714285714,14,27
1.75,0.5714285714285714,14,27
2.0,0.5714285714285714,14,27
2.25,0.6428571428571429,14,27
2.5,0.5714285714285714,14,27
2.75,0.5,14,27
3.0,0.5714285714285714,14,27
3.25,0.6428571428571429,14,27
3.5,0.6428571428571429,14,27
3.75,0.7142857142857143,14,27
4.0,0.6428571428571429,14,27
0.5,0.35714285714285715,14,28
0.75,0.21428571428571427,14,28
1.0,0.21428571428571427,14,28
1.25,0.21428571428571427,14,28
1.5,0.21428571428571427,14,28
1.75,0.2857142857142857,14,28
2.0,0.2857142857142857,14,28
2.25,0.2857142857142857,14,28
2.5,0.42857142857142855,14,28
2.75,0.42857142857142855,14,28
3.0,0.42857142857142855,14,28
3.25,0.42857142857142855,14,28
3.5,0.42857142857142855,14,28
3.75,0.5714285714285714,14,28
4.0,0.5714285714285714,14,28
0.5,0.7142857142857143,14,29
0.75,0.7857142857142857,14,29
1.0,0.7857142857142857,14,29
1.25,0.7857142857142857,14,29
1.5,0.7857142857142857,14,29
1.75,0.7857142857142857,14,29
2.0,0.8571428571428571,14,29
2.25,0.8571428571428571,14,29
2.5,1.0,14,29
2.75,1.0,14,29
3.0,0.9285714285714286,14,29
3.25,0.9285714285714286,14,29
3.5,0.9285714285714286,14,29
3.75,0.9285714285714286,14,29
4.0,0.9285714285714286,14,29
0.5,0.5714285714285714,14,30
0.75,0.7142857142857143,14,30
1.0,0.7142857142857143,14,30
1.25,0.7142857142857143,14,30
1.5,0.7142857142857143,14,30
1.75,0.7142857142857143,14,30
2.0,0.7142857142857143,14,30
2.25,0.6428571428571429,14,30
2.5,0.5,14,30
2.75,0.5,14,30
3.0,0.5,14,30
3.25,0.5,14,30
3.5,0.42857142857142855,14,30
3.75,0.42857142857142855,14,30
4.0,0.5,14,30
0.5,0.7142857142857143,14,31
0.75,0.7857142857142857,14,31
1.0,0.7142857142857143,14,31
1.25,0.7857142857142857,14,31
1.5,0.7857142857142857,14,31
1.75,0.8571428571428571,14,31
2.0,0.8571428571428571,14,31
2.25,0.8571428571428571,14,31
2.5,0.9285714285714286,14,31
2.75,0.9285714285714286,14,31
3.0,0.9285714285714286,14,31
3.25,1.0,14,31
3.5,1.0,14,31
3.75,1.0,14,31
4.0,1.0,14,31
0.5,0.5714285714285714,14,32
0.75,0.5714285714285714,14,32
1.0,0.5714285714285714,14,32
1.25,0.7142857142857143,14,32
1.5,0.7142857142857143,14,32
1.75,0.5714285714285714,14,32
2.0,0.7142857142857143,14,32
2.25,0.7857142857142857,14,32
2.5,0.8571428571428571,14,32
2.75,0.7142857142857143,14,32
3.0,0.7142857142857143,14,32
3.25,0.7142857142857143,14,32
3.5,0.7142857142857143,14,32
3.75,0.7857142857142857,14,32
4.0,0.8571428571428571,14,32
0.5,0.7142857142857143,14,33
0.75,0.6428571428571429,14,33
1.0,0.7857142857142857,14,33
1.25,0.7857142857142857,14,33
1.5,0.6428571428571429,14,33
1.75,0.7142857142857143,14,33
2.0,0.6428571428571429,14,33
2.25,0.6428571428571429,14,33
2.5,0.8571428571428571,14,33
2.75,0.7857142857142857,14,33
3.0,0.7142857142857143,14,33
3.25,0.6428571428571429,14,33
3.5,0.6428571428571429,14,33
3.75,0.6428571428571429,14,33
4.0,0.6428571428571429,14,33
0.5,0.7857142857142857,14,34
0.75,0.7857142857142857,14,34
1.0,0.7857142857142857,14,34
1.25,0.8571428571428571,14,34
1.5,0.8571428571428571,14,34
1.75,0.8571428571428571,14,34
2.0,0.7142857142857143,14,34
2.25,0.9285714285714286,14,34
2.5,1.0,14,34
2.75,1.0,14,34
3.0,1.0,14,34
3.25,1.0,14,34
3.5,0.9285714285714286,14,34
3.75,0.9285714285714286,14,34
4.0,0.9285714285714286,14,34
0.5,0.5714285714285714,14,35
0.75,0.6428571428571429,14,35
1.0,0.5714285714285714,14,35
1.25,0.42857142857142855,14,35
1.5,0.42857142857142855,14,35
1.75,0.42857142857142855,14,35
2.0,0.5,14,35
2.25,0.6428571428571429,14,35
2.5,0.6428571428571429,14,35
2.75,0.6428571428571429,14,35
3.0,0.8571428571428571,14,35
3.25,0.8571428571428571,14,35
3.5,0.7857142857142857,14,35
3.75,0.5714285714285714,14,35
4.0,0.5714285714285714,14,35
0.5,0.5,14,36
0.75,0.6428571428571429,14,36
1.0,0.5,14,36
1.25,0.5,14,36
1.5,0.42857142857142855,14,36
1.75,0.5,14,36
2.0,0.6428571428571429,14,36
2.25,0.5,14,36
2.5,0.42857142857142855,14,36
2.75,0.6428571428571429,14,36
3.0,0.7142857142857143,14,36
3.25,0.7142857142857143,14,36
3.5,0.6428571428571429,14,36
3.75,0.7857142857142857,14,36
4.0,0.5714285714285714,14,36
0.5,0.5,14,37
0.75,0.5,14,37
1.0,0.5,14,37
1.25,0.5,14,37
1.5,0.5,14,37
1.75,0.5,14,37
2.0,0.5,14,37
2.25,0.5,14,37
2.5,0.5,14,37
2.75,0.5,14,37
3.0,0.5,14,37
3.25,0.5,14,37
3.5,0.5,14,37
3.75,0.5,14,37
4.0,0.5,14,37
0.5,0.5714285714285714,14,38
0.75,0.42857142857142855,14,38
1.0,0.42857142857142855,14,38
1.25,0.42857142857142855,14,38
1.5,0.5,14,38
1.75,0.42857142857142855,14,38
2.0,0.42857142857142855,14,38
2.25,0.35714285714285715,14,38
2.5,0.42857142857142855,14,38
2.75,0.5,14,38
3.0,0.5,14,38
3.25,0.5714285714285714,14,38
3.5,0.6428571428571429,14,38
3.75,0.6428571428571429,14,38
4.0,0.6428571428571429,14,38
0.5,0.42857142857142855,14,39
0.75,0.35714285714285715,14,39
1.0,0.42857142857142855,14,39
1.25,0.35714285714285715,14,39
1.5,0.42857142857142855,14,39
1.75,0.5,14,39
2.0,0.5,14,39
2.25,0.5,14,39
2.5,0.5714285714285714,14,39
2.75,0.5,14,39
3.0,0.42857142857142855,14,39
3.25,0.42857142857142855,14,39
3.5,0.42857142857142855,14,39
3.75,0.42857142857142855,14,39
4.0,0.42857142857142855,14,39
0.5,0.5,14,40
0.75,0.5714285714285714,14,40
1.0,0.7142857142857143,14,40
1.25,0.6428571428571429,14,40
1.5,0.6428571428571429,14,40
1.75,0.6428571428571429,14,40
2.0,0.6428571428571429,14,40
2.25,0.6428571428571429,14,40
2.5,0.5714285714285714,14,40
2.75,0.5714285714285714,14,40
3.0,0.5714285714285714,14,40
3.25,0.6428571428571429,14,40
3.5,0.7857142857142857,14,40
3.75,0.5,14,40
4.0,0.5,14,40
0.5,0.5,14,41
0.75,0.5,14,41
1.0,0.42857142857142855,14,41
1.25,0.5,14,41
1.5,0.5,14,41
1.75,0.42857142857142855,14,41
2.0,0.42857142857142855,14,41
2.25,0.5,14,41
2.5,0.5714285714285714,14,41
2.75,0.5,14,41
3.0,0.5714285714285714,14,41
3.25,0.5714285714285714,14,41
3.5,0.5714285714285714,14,41
3.75,0.35714285714285715,14,41
4.0,0.5,14,41
0.5,0.5,14,42
0.75,0.5,14,42
1.0,0.5,14,42
1.25,0.6428571428571429,14,42
1.5,0.8571428571428571,14,42
1.75,0.8571428571428571,14,42
2.0,1.0,14,42
2.25,1.0,14,42
2.5,0.9285714285714286,14,42
2.75,0.8571428571428571,14,42
3.0,0.8571428571428571,14,42
3.25,0.7142857142857143,14,42
3.5,0.7857142857142857,14,42
3.75,0.9285714285714286,14,42
4.0,0.8571428571428571,14,42
0.5,0.5714285714285714,14,43
0.75,0.7142857142857143,14,43
1.0,0.7142857142857143,14,43
1.25,0.7142857142857143,14,43
1.5,0.7142857142857143,14,43
1.75,0.7857142857142857,14,43
2.0,0.7857142857142857,14,43
2.25,0.7857142857142857,14,43
2.5,0.6428571428571429,14,43
2.75,0.6428571428571429,14,43
3.0,0.7142857142857143,14,43
3.25,0.5714285714285714,14,43
3.5,0.7142857142857143,14,43
3.75,0.7857142857142857,14,43
4.0,0.8571428571428571,14,43
0.5,0.5714285714285714,14,44
0.75,0.5714285714285714,14,44
1.0,0.5,14,44
1.25,0.6428571428571429,14,44
1.5,0.7142857142857143,14,44
1.75,0.7857142857142857,14,44
2.0,0.6428571428571429,14,44
2.25,0.6428571428571429,14,44
2.5,0.5,14,44
2.75,0.5,14,44
3.0,0.5714285714285714,14,44
3.25,0.5714285714285714,14,44
3.5,0.6428571428571429,14,44
3.75,0.7142857142857143,14,44
4.0,0.7142857142857143,14,44
0.5,0.5,14,45
0.75,0.5,14,45
1.0,0.5,14,45
1.25,0.42857142857142855,14,45
1.5,0.5,14,45
1.75,0.5,14,45
2.0,0.5,14,45
2.25,0.5,14,45
2.5,0.5,14,45
2.75,0.5,14,45
3.0,0.5714285714285714,14,45
3.25,0.7142857142857143,14,45
3.5,0.6428571428571429,14,45
3.75,0.6428571428571429,14,45
4.0,0.6428571428571429,14,45
0.5,0.6428571428571429,14,46
0.75,0.6428571428571429,14,46
1.0,0.6428571428571429,14,46
1.25,0.5714285714285714,14,46
1.5,0.5,14,46
1.75,0.5,14,46
2.0,0.42857142857142855,14,46
2.25,0.5,14,46
2.5,0.42857142857142855,14,46
2.75,0.5714285714285714,14,46
3.0,0.5714285714285714,14,46
3.25,0.5714285714285714,14,46
3.5,0.6428571428571429,14,46
3.75,0.5714285714285714,14,46
4.0,0.5714285714285714,14,46
0.5,0.5,14,47
0.75,0.5714285714285714,14,47
1.0,0.5714285714285714,14,47
1.25,0.5,14,47
1.5,0.5714285714285714,14,47
1.75,0.5714285714285714,14,47
2.0,0.5,14,47
2.25,0.5,14,47
2.5,0.5714285714285714,14,47
2.75,0.5714285714285714,14,47
3.0,0.5,14,47
3.25,0.5,14,47
3.5,0.5,14,47
3.75,0.42857142857142855,14,47
4.0,0.42857142857142855,14,47
0.5,0.5,14,48
0.75,0.6428571428571429,14,48
1.0,0.6428571428571429,14,48
1.25,0.5714285714285714,14,48
1.5,0.6428571428571429,14,48
1.75,0.6428571428571429,14,48
2.0,0.5714285714285714,14,48
2.25,0.7857142857142857,14,48
2.5,0.7857142857142857,14,48
2.75,0.7142857142857143,14,48
3.0,0.7142857142857143,14,48
3.25,0.7142857142857143,14,48
3.5,0.6428571428571429,14,48
3.75,0.6428571428571429,14,48
4.0,0.7142857142857143,14,48
0.5,0.42857142857142855,14,49
0.75,0.42857142857142855,14,49
1.0,0.42857142857142855,14,49
1.25,0.5,14,49
1.5,0.42857142857142855,14,49
1.75,0.5714285714285714,14,49
2.0,0.5714285714285714,14,49
2.25,0.6428571428571429,14,49
2.5,0.6428571428571429,14,49
2.75,0.6428571428571429,14,49
3.0,0.6428571428571429,14,49
3.25,0.6428571428571429,14,49
3.5,0.6428571428571429,14,49
3.75,0.7142857142857143,14,49
4.0,0.7142857142857143,14,49
0.5,0.5714285714285714,14,50
0.75,0.42857142857142855,14,50
1.0,0.42857142857142855,14,50
1.25,0.5714285714285714,14,50
1.5,0.6428571428571429,14,50
1.75,0.7142857142857143,14,50
2.0,0.5714285714285714,14,50
2.25,0.5,14,50
2.5,0.5,14,50
2.75,0.5,14,50
3.0,0.42857142857142855,14,50
3.25,0.42857142857142855,14,50
3.5,0.42857142857142855,14,50
3.75,0.42857142857142855,14,50
4.0,0.42857142857142855,14,50
0.5,0.35714285714285715,14,51
0.75,0.35714285714285715,14,51
1.0,0.42857142857142855,14,51
1.25,0.2857142857142857,14,51
1.5,0.42857142857142855,14,51
1.75,0.42857142857142855,14,51
2.0,0.5,14,51
2.25,0.6428571428571429,14,51
2.5,0.42857142857142855,14,51
2.75,0.5,14,51
3.0,0.42857142857142855,14,51
3.25,0.5,14,51
3.5,0.5,14,51
3.75,0.42857142857142855,14,51
4.0,0.42857142857142855,14,51
0.5,0.5,14,52
0.75,0.42857142857142855,14,52
1.0,0.5714285714285714,14,52
1.25,0.5714285714285714,14,52
1.5,0.5714285714285714,14,52
1.75,0.5,14,52
2.0,0.7142857142857143,14,52
2.25,0.7142857142857143,14,52
2.5,0.7857142857142857,14,52
2.75,0.5714285714285714,14,52
3.0,0.7142857142857143,14,52
3.25,0.7857142857142857,14,52
3.5,0.7142857142857143,14,52
3.75,0.6428571428571429,14,52
4.0,0.6428571428571429,14,52
0.5,0.6428571428571429,14,53
0.75,0.6428571428571429,14,53
1.0,0.6428571428571429,14,53
1.25,0.5714285714285714,14,53
1.5,0.7142857142857143,14,53
1.75,0.9285714285714286,14,53
2.0,0.7857142857142857,14,53
2.25,0.7857142857142857,14,53
2.5,0.7857142857142857,14,53
2.75,0.7142857142857143,14,53
3.0,0.7857142857142857,14,53
3.25,0.7857142857142857,14,53
3.5,0.7857142857142857,14,53
3.75,0.7857142857142857,14,53
4.0,0.7857142857142857,14,53
0.5,0.6428571428571429,14,54
0.75,0.5714285714285714,14,54
1.0,0.5,14,54
1.25,0.6428571428571429,14,54
1.5,0.7142857142857143,14,54
1.75,0.5,14,54
2.0,0.7142857142857143,14,54
2.25,0.7142857142857143,14,54
2.5,0.7857142857142857,14,54
2.75,0.6428571428571429,14,54
3.0,0.7142857142857143,14,54
3.25,0.8571428571428571,14,54
3.5,0.7857142857142857,14,54
3.75,0.7142857142857143,14,54
4.0,0.7142857142857143,14,54
0.5,0.7142857142857143,14,55
0.75,0.7142857142857143,14,55
1.0,0.7142857142857143,14,55
1.25,0.6428571428571429,14,55
1.5,0.7142857142857143,14,55
1.75,0.7142857142857143,14,55
2.0,0.8571428571428571,14,55
2.25,0.8571428571428571,14,55
2.5,0.9285714285714286,14,55
2.75,0.9285714285714286,14,55
3.0,0.9285714285714286,14,55
3.25,0.8571428571428571,14,55
3.5,0.9285714285714286,14,55
3.75,0.7857142857142857,14,55
4.0,0.7857142857142857,14,55
0.5,0.5714285714285714,14,56
0.75,0.5714285714285714,14,56
1.0,0.5714285714285714,14,56
1.25,0.7142857142857143,14,56
1.5,0.7142857142857143,14,56
1.75,0.7857142857142857,14,56
2.0,0.7857142857142857,14,56
2.25,0.8571428571428571,14,56
2.5,0.7857142857142857,14,56
2.75,0.7142857142857143,14,56
3.0,0.7857142857142857,14,56
3.25,0.7142857142857143,14,56
3.5,0.7857142857142857,14,56
3.75,0.7142857142857143,14,56
4.0,0.7142857142857143,14,56
0.5,0.5714285714285714,14,57
0.75,0.5,14,57
1.0,0.42857142857142855,14,57
1.25,0.42857142857142855,14,57
1.5,0.35714285714285715,14,57
1.75,0.35714285714285715,14,57
2.0,0.35714285714285715,14,57
2.25,0.5,14,57
2.5,0.5714285714285714,14,57
2.75,0.5,14,57
3.0,0.42857142857142855,14,57
3.25,0.5,14,57
3.5,0.5714285714285714,14,57
3.75,0.7142857142857143,14,57
4.0,0.6428571428571429,14,57
0.5,0.6428571428571429,14,58
0.75,0.7857142857142857,14,58
1.0,0.7857142857142857,14,58
1.25,0.7857142857142857,14,58
1.5,0.7857142857142857,14,58
1.75,0.7142857142857143,14,58
2.0,0.5714285714285714,14,58
2.25,0.7142857142857143,14,58
2.5,0.6428571428571429,14,58
2.75,0.42857142857142855,14,58
3.0,0.5,14,58
3.25,0.5714285714285714,14,58
3.5,0.7142857142857143,14,58
3.75,0.6428571428571429,14,58
4.0,0.5714285714285714,14,58
0.5,0.5,14,59
0.75,0.5,14,59
1.0,0.5714285714285714,14,59
1.25,0.5,14,59
1.5,0.42857142857142855,14,59
1.75,0.42857142857142855,14,59
2.0,0.5,14,59
2.25,0.5,14,59
2.5,0.5,14,59
2.75,0.5,14,59
3.0,0.5,14,59
3.25,0.5,14,59
3.5,0.35714285714285715,14,59
3.75,0.35714285714285715,14,59
4.0,0.42857142857142855,14,59
0.5,0.7142857142857143,14,60
0.75,0.7142857142857143,14,60
1.0,0.7142857142857143,14,60
1.25,0.7142857142857143,14,60
1.5,0.7142857142857143,14,60
1.75,0.7142857142857143,14,60
2.0,0.7142857142857143,14,60
2.25,0.8571428571428571,14,60
2.5,0.9285714285714286,14,60
2.75,0.8571428571428571,14,60
3.0,0.7857142857142857,14,60
3.25,0.7857142857142857,14,60
3.5,0.7857142857142857,14,60
3.75,0.7142857142857143,14,60
4.0,0.7142857142857143,14,60
0.5,0.42857142857142855,14,61
0.75,0.35714285714285715,14,61
1.0,0.2857142857142857,14,61
1.25,0.42857142857142855,14,61
1.5,0.5714285714285714,14,61
1.75,0.7142857142857143,14,61
2.0,0.7142857142857143,14,61
2.25,0.6428571428571429,14,61
2.5,0.7857142857142857,14,61
2.75,0.8571428571428571,14,61
3.0,0.7857142857142857,14,61
3.25,0.7142857142857143,14,61
3.5,0.5714285714285714,14,61
3.75,0.6428571428571429,14,61
4.0,0.5714285714285714,14,61
0.5,0.6428571428571429,14,62
0.75,0.5714285714285714,14,62
1.0,0.6428571428571429,14,62
1.25,0.6428571428571429,14,62
1.5,0.6428571428571429,14,62
1.75,0.6428571428571429,14,62
2.0,0.6428571428571429,14,62
2.25,0.7142857142857143,14,62
2.5,0.9285714285714286,14,62
2.75,0.9285714285714286,14,62
3.0,0.9285714285714286,14,62
3.25,0.9285714285714286,14,62
3.5,0.9285714285714286,14,62
3.75,0.8571428571428571,14,62
4.0,0.9285714285714286,14,62
0.5,0.42857142857142855,14,63
0.75,0.42857142857142855,14,63
1.0,0.42857142857142855,14,63
1.25,0.42857142857142855,14,63
1.5,0.42857142857142855,14,63
1.75,0.42857142857142855,14,63
2.0,0.42857142857142855,14,63
2.25,0.42857142857142855,14,63
2.5,0.42857142857142855,14,63
2.75,0.42857142857142855,14,63
3.0,0.42857142857142855,14,63
3.25,0.42857142857142855,14,63
3.5,0.42857142857142855,14,63
3.75,0.42857142857142855,14,63
4.0,0.42857142857142855,14,63
0.5,0.5,14,64
0.75,0.42857142857142855,14,64
1.0,0.42857142857142855,14,64
1.25,0.35714285714285715,14,64
1.5,0.2857142857142857,14,64
1.75,0.42857142857142855,14,64
2.0,0.5714285714285714,14,64
2.25,0.5,14,64
2.5,0.35714285714285715,14,64
2.75,0.42857142857142855,14,64
3.0,0.42857142857142855,14,64
3.25,0.35714285714285715,14,64
3.5,0.42857142857142855,14,64
3.75,0.42857142857142855,14,64
4.0,0.35714285714285715,14,64
0.5,0.6428571428571429,14,65
0.75,0.6428571428571429,14,65
1.0,0.5714285714285714,14,65
1.25,0.5,14,65
1.5,0.5714285714285714,14,65
1.75,0.7857142857142857,14,65
2.0,0.7857142857142857,14,65
2.25,0.8571428571428571,14,65
2.5,0.9285714285714286,14,65
2.75,0.8571428571428571,14,65
3.0,0.6428571428571429,14,65
3.25,0.6428571428571429,14,65
3.5,0.7142857142857143,14,65
3.75,0.6428571428571429,14,65
4.0,0.7142857142857143,14,65
0.5,0.5714285714285714,14,66
0.75,0.5714285714285714,14,66
1.0,0.6428571428571429,14,66
1.25,0.5,14,66
1.5,0.5714285714285714,14,66
1.75,0.5,14,66
2.0,0.35714285714285715,14,66
2.25,0.42857142857142855,14,66
2.5,0.42857142857142855,14,66
2.75,0.5,14,66
3.0,0.2857142857142857,14,66
3.25,0.5,14,66
3.5,0.5,14,66
3.75,0.5,14,66
4.0,0.5,14,66
0.5,0.2857142857142857,14,67
0.75,0.2857142857142857,14,67
1.0,0.2857142857142857,14,67
1.25,0.5,14,67
1.5,0.21428571428571427,14,67
1.75,0.2857142857142857,14,67
2.0,0.42857142857142855,14,67
2.25,0.5,14,67
2.5,0.2857142857142857,14,67
2.75,0.35714285714285715,14,67
3.0,0.2857142857142857,14,67
3.25,0.5,14,67
3.5,0.42857142857142855,14,67
3.75,0.5,14,67
4.0,0.5714285714285714,14,67
0.5,0.35714285714285715,14,68
0.75,0.35714285714285715,14,68
1.0,0.35714285714285715,14,68
1.25,0.42857142857142855,14,68
1.5,0.5,14,68
1.75,0.6428571428571429,14,68
2.0,0.5714285714285714,14,68
2.25,0.6428571428571429,14,68
2.5,0.5,14,68
2.75,0.5,14,68
3.0,0.6428571428571429,14,68
3.25,0.42857142857142855,14,68
3.5,0.6428571428571429,14,68
3.75,0.5714285714285714,14,68
4.0,0.42857142857142855,14,68
0.5,0.5,14,69
0.75,0.35714285714285715,14,69
1.0,0.42857142857142855,14,69
1.25,0.42857142857142855,14,69
1.5,0.5,14,69
1.75,0.5714285714285714,14,69
2.0,0.5,14,69
2.25,0.5714285714285714,14,69
2.5,0.5,14,69
2.75,0.5,14,69
3.0,0.6428571428571429,14,69
3.25,0.5714285714285714,14,69
3.5,0.5714285714285714,14,69
3.75,0.5,14,69
4.0,0.5,14,69
0.5,0.5714285714285714,14,70
0.75,0.5714285714285714,14,70
1.0,0.6428571428571429,14,70
1.25,0.5714285714285714,14,70
1.5,0.8571428571428571,14,70
1.75,0.7142857142857143,14,70
2.0,0.7857142857142857,14,70
2.25,0.7142857142857143,14,70
2.5,0.7857142857142857,14,70
2.75,0.8571428571428571,14,70
3.0,0.7142857142857143,14,70
3.25,0.7142857142857143,14,70
3.5,0.6428571428571429,14,70
3.75,0.5714285714285714,14,70
4.0,0.7142857142857143,14,70
0.5,0.5714285714285714,14,71
0.75,0.5714285714285714,14,71
1.0,0.5714285714285714,14,71
1.25,0.5714285714285714,14,71
1.5,0.5714285714285714,14,71
1.75,0.5714285714285714,14,71
2.0,0.5714285714285714,14,71
2.25,0.5714285714285714,14,71
2.5,0.5,14,71
2.75,0.5,14,71
3.0,0.42857142857142855,14,71
3.25,0.42857142857142855,14,71
3.5,0.42857142857142855,14,71
3.75,0.5,14,71
4.0,0.5,14,71
0.5,0.5,14,72
0.75,0.5714285714285714,14,72
1.0,0.6428571428571429,14,72
1.25,0.6428571428571429,14,72
1.5,0.6428571428571429,14,72
1.75,0.7142857142857143,14,72
2.0,0.7857142857142857,14,72
2.25,0.7857142857142857,14,72
2.5,0.6428571428571429,14,72
2.75,0.7142857142857143,14,72
3.0,0.8571428571428571,14,72
3.25,0.8571428571428571,14,72
3.5,0.7142857142857143,14,72
3.75,0.8571428571428571,14,72
4.0,0.8571428571428571,14,72
0.5,0.5714285714285714,14,73
0.75,0.5714285714285714,14,73
1.0,0.5,14,73
1.25,0.5714285714285714,14,73
1.5,0.5714285714285714,14,73
1.75,0.6428571428571429,14,73
2.0,0.6428571428571429,14,73
2.25,0.7142857142857143,14,73
2.5,0.7142857142857143,14,73
2.75,0.7142857142857143,14,73
3.0,0.7857142857142857,14,73
3.25,0.7142857142857143,14,73
3.5,0.6428571428571429,14,73
3.75,0.6428571428571429,14,73
4.0,0.7142857142857143,14,73
0.5,0.6428571428571429,14,74
0.75,0.6428571428571429,14,74
1.0,0.6428571428571429,14,74
1.25,0.7142857142857143,14,74
1.5,0.7142857142857143,14,74
1.75,0.7142857142857143,14,74
2.0,0.7142857142857143,14,74
2.25,0.6428571428571429,14,74
2.5,0.6428571428571429,14,74
2.75,0.5714285714285714,14,74
3.0,0.42857142857142855,14,74
3.25,0.5714285714285714,14,74
3.5,0.6428571428571429,14,74
3.75,0.5,14,74
4.0,0.35714285714285715,14,74
0.5,0.5714285714285714,14,75
0.75,0.5714285714285714,14,75
1.0,0.5,14,75
1.25,0.7142857142857143,14,75
1.5,0.8571428571428571,14,75
1.75,0.9285714285714286,14,75
2.0,0.9285714285714286,14,75
2.25,0.9285714285714286,14,75
2.5,0.8571428571428571,14,75
2.75,0.9285714285714286,14,75
3.0,0.9285714285714286,14,75
3.25,0.9285714285714286,14,75
3.5,0.8571428571428571,14,75
3.75,0.6428571428571429,14,75
4.0,0.5714285714285714,14,75
0.5,0.42857142857142855,14,76
0.75,0.42857142857142855,14,76
1.0,0.42857142857142855,14,76
1.25,0.42857142857142855,14,76
1.5,0.42857142857142855,14,76
1.75,0.42857142857142855,14,76
2.0,0.42857142857142855,14,76
2.25,0.42857142857142855,14,76
2.5,0.42857142857142855,14,76
2.75,0.42857142857142855,14,76
3.0,0.42857142857142855,14,76
3.25,0.42857142857142855,14,76
3.5,0.42857142857142855,14,76
3.75,0.42857142857142855,14,76
4.0,0.42857142857142855,14,76
0.5,0.5714285714285714,14,77
0.75,0.5,14,77
1.0,0.42857142857142855,14,77
1.25,0.42857142857142855,14,77
1.5,0.42857142857142855,14,77
1.75,0.42857142857142855,14,77
2.0,0.5714285714285714,14,77
2.25,0.5,14,77
2.5,0.42857142857142855,14,77
2.75,0.42857142857142855,14,77
3.0,0.42857142857142855,14,77
3.25,0.2857142857142857,14,77
3.5,0.2857142857142857,14,77
3.75,0.35714285714285715,14,77
4.0,0.5,14,77
0.5,0.42857142857142855,14,78
0.75,0.2857142857142857,14,78
1.0,0.2857142857142857,14,78
1.25,0.5,14,78
1.5,0.5714285714285714,14,78
1.75,0.7142857142857143,14,78
2.0,0.7142857142857143,14,78
2.25,0.7857142857142857,14,78
2.5,0.7142857142857143,14,78
2.75,0.7142857142857143,14,78
3.0,0.7857142857142857,14,78
3.25,0.7142857142857143,14,78
3.5,0.6428571428571429,14,78
3.75,0.7142857142857143,14,78
4.0,0.5714285714285714,14,78
0.5,0.5,14,79
0.75,0.5714285714285714,14,79
1.0,0.5714285714285714,14,79
1.25,0.5714285714285714,14,79
1.5,0.5,14,79
1.75,0.42857142857142855,14,79
2.0,0.5,14,79
2.25,0.5,14,79
2.5,0.5714285714285714,14,79
2.75,0.5714285714285714,14,79
3.0,0.5,14,79
3.25,0.5714285714285714,14,79
3.5,0.6428571428571429,14,79
3.75,0.6428571428571429,14,79
4.0,0.5714285714285714,14,79
0.5,0.7857142857142857,14,80
0.75,0.7857142857142857,14,80
1.0,0.7142857142857143,14,80
1.25,0.5714285714285714,14,80
1.5,0.6428571428571429,14,80
1.75,0.6428571428571429,14,80
2.0,0.5714285714285714,14,80
2.25,0.5714285714285714,14,80
2.5,0.5714285714285714,14,80
2.75,0.5714285714285714,14,80
3.0,0.42857142857142855,14,80
3.25,0.5714285714285714,14,80
3.5,0.5,14,80
3.75,0.42857142857142855,14,80
4.0,0.5,14,80
0.5,0.5,14,81
0.75,0.7142857142857143,14,81
1.0,0.6428571428571429,14,81
1.25,0.5714285714285714,14,81
1.5,0.6428571428571429,14,81
1.75,0.5714285714285714,14,81
2.0,0.7142857142857143,14,81
2.25,0.6428571428571429,14,81
2.5,0.6428571428571429,14,81
2.75,0.5714285714285714,14,81
3.0,0.5,14,81
3.25,0.5,14,81
3.5,0.5,14,81
3.75,0.42857142857142855,14,81
4.0,0.42857142857142855,14,81
0.5,0.5,14,82
0.75,0.5714285714285714,14,82
1.0,0.5714285714285714,14,82
1.25,0.5714285714285714,14,82
1.5,0.5714285714285714,14,82
1.75,0.6428571428571429,14,82
2.0,0.6428571428571429,14,82
2.25,0.6428571428571429,14,82
2.5,0.7142857142857143,14,82
2.75,0.5,14,82
3.0,0.6428571428571429,14,82
3.25,0.6428571428571429,14,82
3.5,0.5714285714285714,14,82
3.75,0.5,14,82
4.0,0.42857142857142855,14,82
0.5,0.7142857142857143,14,83
0.75,0.7142857142857143,14,83
1.0,0.6428571428571429,14,83
1.25,0.5,14,83
1.5,0.5714285714285714,14,83
1.75,0.5,14,83
2.0,0.5,14,83
2.25,0.5714285714285714,14,83
2.5,0.5,14,83
2.75,0.5714285714285714,14,83
3.0,0.5,14,83
3.25,0.6428571428571429,14,83
3.5,0.5,14,83
3.75,0.5,14,83
4.0,0.5,14,83
0.5,0.5714285714285714,14,84
0.75,0.5,14,84
1.0,0.35714285714285715,14,84
1.25,0.2857142857142857,14,84
1.5,0.5,14,84
1.75,0.5714285714285714,14,84
2.0,0.5,14,84
2.25,0.5714285714285714,14,84
2.5,0.42857142857142855,14,84
2.75,0.5714285714285714,14,84
3.0,0.6428571428571429,14,84
3.25,0.6428571428571429,14,84
3.5,0.5,14,84
3.75,0.42857142857142855,14,84
4.0,0.5714285714285714,14,84
0.5,0.5,14,85
0.75,0.6428571428571429,14,85
1.0,0.5714285714285714,14,85
1.25,0.9285714285714286,14,85
1.5,0.9285714285714286,14,85
1.75,0.9285714285714286,14,85
2.0,0.9285714285714286,14,85
2.25,0.8571428571428571,14,85
2.5,0.7857142857142857,14,85
2.75,0.8571428571428571,14,85
3.0,0.6428571428571429,14,85
3.25,0.6428571428571429,14,85
3.5,0.7142857142857143,14,85
3.75,0.5,14,85
4.0,0.5,14,85
0.5,0.5,14,86
0.75,0.6428571428571429,14,86
1.0,0.42857142857142855,14,86
1.25,0.5,14,86
1.5,0.7142857142857143,14,86
1.75,0.7142857142857143,14,86
2.0,0.7857142857142857,14,86
2.25,0.7142857142857143,14,86
2.5,0.6428571428571429,14,86
2.75,0.6428571428571429,14,86
3.0,0.42857142857142855,14,86
3.25,0.5,14,86
3.5,0.42857142857142855,14,86
3.75,0.5,14,86
4.0,0.5,14,86
0.5,0.42857142857142855,14,87
0.75,0.5714285714285714,14,87
1.0,0.5714285714285714,14,87
1.25,0.5714285714285714,14,87
1.5,0.5,14,87
1.75,0.35714285714285715,14,87
2.0,0.35714285714285715,14,87
2.25,0.42857142857142855,14,87
2.5,0.42857142857142855,14,87
2.75,0.2857142857142857,14,87
3.0,0.35714285714285715,14,87
3.25,0.42857142857142855,14,87
3.5,0.42857142857142855,14,87
3.75,0.42857142857142855,14,87
4.0,0.5,14,87
0.5,0.5714285714285714,14,89
0.75,0.5714285714285714,14,89
1.0,0.5714285714285714,14,89
1.25,0.5714285714285714,14,89
1.5,0.6428571428571429,14,89
1.75,0.6428571428571429,14,89
2.0,0.5714285714285714,14,89
2.25,0.42857142857142855,14,89
2.5,0.6428571428571429,14,89
2.75,0.6428571428571429,14,89
3.0,0.5714285714285714,14,89
3.25,0.42857142857142855,14,89
3.5,0.5,14,89
3.75,0.5,14,89
4.0,0.42857142857142855,14,89
0.5,0.5,14,90
0.75,0.5714285714285714,14,90
1.0,0.5,14,90
1.25,0.35714285714285715,14,90
1.5,0.35714285714285715,14,90
1.75,0.42857142857142855,14,90
2.0,0.5714285714285714,14,90
2.25,0.5,14,90
2.5,0.5,14,90
2.75,0.5714285714285714,14,90
3.0,0.5,14,90
3.25,0.6428571428571429,14,90
3.5,0.5714285714285714,14,90
3.75,0.5,14,90
4.0,0.5,14,90
0.5,0.42857142857142855,14,91
0.75,0.35714285714285715,14,91
1.0,0.5714285714285714,14,91
1.25,0.5714285714285714,14,91
1.5,0.5714285714285714,14,91
1.75,0.42857142857142855,14,91
2.0,0.5,14,91
2.25,0.5714285714285714,14,91
2.5,0.6428571428571429,14,91
2.75,0.5714285714285714,14,91
3.0,0.6428571428571429,14,91
3.25,0.6428571428571429,14,91
3.5,0.5,14,91
3.75,0.6428571428571429,14,91
4.0,0.5714285714285714,14,91
0.5,0.42857142857142855,14,93
0.75,0.5714285714285714,14,93
1.0,0.5714285714285714,14,93
1.25,0.5714285714285714,14,93
1.5,0.5714285714285714,14,93
1.75,0.5714285714285714,14,93
2.0,0.5,14,93
2.25,0.6428571428571429,14,93
2.5,0.6428571428571429,14,93
2.75,0.6428571428571429,14,93
3.0,0.6428571428571429,14,93
3.25,0.6428571428571429,14,93
3.5,0.6428571428571429,14,93
3.75,0.6428571428571429,14,93
4.0,0.7142857142857143,14,93
0.5,0.5,14,94
0.75,0.5,14,94
1.0,0.5714285714285714,14,94
1.25,0.5,14,94
1.5,0.42857142857142855,14,94
1.75,0.5,14,94
2.0,0.5714285714285714,14,94
2.25,0.5714285714285714,14,94
2.5,0.5,14,94
2.75,0.5,14,94
3.0,0.5,14,94
3.25,0.5714285714285714,14,94
3.5,0.7857142857142857,14,94
3.75,0.6428571428571429,14,94
4.0,0.6428571428571429,14,94
0.5,0.5,14,95
0.75,0.5,14,95
1.0,0.5,14,95
1.25,0.5,14,95
1.5,0.5,14,95
1.75,0.5,14,95
2.0,0.5,14,95
2.25,0.5,14,95
2.5,0.5,14,95
2.75,0.5,14,95
3.0,0.5,14,95
3.25,0.5,14,95
3.5,0.5,14,95
3.75,0.5,14,95
4.0,0.5,14,95
0.5,0.35714285714285715,14,96
0.75,0.2857142857142857,14,96
1.0,0.35714285714285715,14,96
1.25,0.5714285714285714,14,96
1.5,0.5,14,96
1.75,0.6428571428571429,14,96
2.0,0.5,14,96
2.25,0.42857142857142855,14,96
2.5,0.5714285714285714,14,96
2.75,0.5,14,96
3.0,0.5,14,96
3.25,0.42857142857142855,14,96
3.5,0.42857142857142855,14,96
3.75,0.5,14,96
4.0,0.7142857142857143,14,96
0.5,0.5714285714285714,14,97
0.75,0.7857142857142857,14,97
1.0,0.7142857142857143,14,97
1.25,0.42857142857142855,14,97
1.5,0.42857142857142855,14,97
1.75,0.42857142857142855,14,97
2.0,0.35714285714285715,14,97
2.25,0.2857142857142857,14,97
2.5,0.42857142857142855,14,97
2.75,0.42857142857142855,14,97
3.0,0.5,14,97
3.25,0.6428571428571429,14,97
3.5,0.5714285714285714,14,97
3.75,0.6428571428571429,14,97
4.0,0.6428571428571429,14,97
0.5,0.5,14,98
0.75,0.5,14,98
1.0,0.5,14,98
1.25,0.35714285714285715,14,98
1.5,0.2857142857142857,14,98
1.75,0.42857142857142855,14,98
2.0,0.5,14,98
2.25,0.5714285714285714,14,98
2.5,0.7142857142857143,14,98
2.75,0.7142857142857143,14,98
3.0,0.7142857142857143,14,98
3.25,0.7142857142857143,14,98
3.5,0.7142857142857143,14,98
3.75,0.6428571428571429,14,98
4.0,0.7142857142857143,14,98
0.5,0.42857142857142855,14,99
0.75,0.42857142857142855,14,99
1.0,0.42857142857142855,14,99
1.25,0.42857142857142855,14,99
1.5,0.42857142857142855,14,99
1.75,0.42857142857142855,14,99
2.0,0.42857142857142855,14,99
2.25,0.42857142857142855,14,99
2.5,0.5,14,99
2.75,0.5,14,99
3.0,0.5,14,99
3.25,0.5714285714285714,14,99
3.5,0.5714285714285714,14,99
3.75,0.5714285714285714,14,99
4.0,0.6428571428571429,14,99
0.5,0.6428571428571429,14,101
0.75,0.35714285714285715,14,101
1.0,0.5714285714285714,14,101
1.25,0.6428571428571429,14,101
1.5,0.5,14,101
1.75,0.5,14,101
2.0,0.5714285714285714,14,101
2.25,0.6428571428571429,14,101
2.5,0.5714285714285714,14,101
2.75,0.5,14,101
3.0,0.5,14,101
3.25,0.42857142857142855,14,101
3.5,0.5,14,101
3.75,0.5714285714285714,14,101
4.0,0.35714285714285715,14,101
0.5,0.5714285714285714,14,102
0.75,0.7142857142857143,14,102
1.0,0.6428571428571429,14,102
1.25,0.7142857142857143,14,102
1.5,0.6428571428571429,14,102
1.75,0.6428571428571429,14,102
2.0,0.7857142857142857,14,102
2.25,0.8571428571428571,14,102
2.5,0.7142857142857143,14,102
2.75,0.7142857142857143,14,102
3.0,0.7142857142857143,14,102
3.25,0.7142857142857143,14,102
3.5,0.6428571428571429,14,102
3.75,0.5,14,102
4.0,0.5,14,102
0.5,0.5714285714285714,14,103
0.75,0.5714285714285714,14,103
1.0,0.5714285714285714,14,103
1.25,0.5714285714285714,14,103
1.5,0.5,14,103
1.75,0.5,14,103
2.0,0.5,14,103
2.25,0.42857142857142855,14,103
2.5,0.42857142857142855,14,103
2.75,0.35714285714285715,14,103
3.0,0.42857142857142855,14,103
3.25,0.42857142857142855,14,103
3.5,0.42857142857142855,14,103
3.75,0.42857142857142855,14,103
4.0,0.42857142857142855,14,103
0.5,0.6923076923076923,13,104
0.75,0.5384615384615384,13,104
1.0,0.6923076923076923,13,104
1.25,0.5384615384615384,13,104
1.5,0.6153846153846154,13,104
1.75,0.6153846153846154,13,104
2.0,0.38461538461538464,13,104
2.25,0.38461538461538464,13,104
2.5,0.46153846153846156,13,104
2.75,0.5384615384615384,13,104
3.0,0.5384615384615384,13,104
3.25,0.6923076923076923,13,104
3.5,0.7692307692307693,13,104
3.75,0.6923076923076923,13,104
4.0,0.7692307692307693,13,104
0.5,0.5714285714285714,14,105
0.75,0.5714285714285714,14,105
1.0,0.5,14,105
1.25,0.2857142857142857,14,105
1.5,0.35714285714285715,14,105
1.75,0.2857142857142857,14,105
2.0,0.21428571428571427,14,105
2.25,0.42857142857142855,14,105
2.5,0.42857142857142855,14,105
2.75,0.2857142857142857,14,105
3.0,0.42857142857142855,14,105
3.25,0.42857142857142855,14,105
3.5,0.5714285714285714,14,105
3.75,0.5714285714285714,14,105
4.0,0.5,14,105
0.5,0.35714285714285715,14,106
0.75,0.2857142857142857,14,106
1.0,0.35714285714285715,14,106
1.25,0.5,14,106
1.5,0.5,14,106
1.75,0.42857142857142855,14,106
2.0,0.5,14,106
2.25,0.5,14,106
2.5,0.5,14,106
2.75,0.5,14,106
3.0,0.5714285714285714,14,106
3.25,0.6428571428571429,14,106
3.5,0.6428571428571429,14,106
3.75,0.6428571428571429,14,106
4.0,0.7857142857142857,14,106
0.5,0.6428571428571429,14,107
0.75,0.5714285714285714,14,107
1.0,0.6428571428571429,14,107
1.25,0.7142857142857143,14,107
1.5,0.6428571428571429,14,107
1.75,0.6428571428571429,14,107
2.0,0.6428571428571429,14,107
2.25,0.7857142857142857,14,107
2.5,0.6428571428571429,14,107
2.75,0.5714285714285714,14,107
3.0,0.6428571428571429,14,107
3.25,0.5714285714285714,14,107
3.5,0.5714285714285714,14,107
3.75,0.5714285714285714,14,107
4.0,0.6428571428571429,14,107
0.5,0.21428571428571427,14,108
0.75,0.35714285714285715,14,108
1.0,0.42857142857142855,14,108
1.25,0.5,14,108
1.5,0.5,14,108
1.75,0.6428571428571429,14,108
2.0,0.7142857142857143,14,108
2.25,0.6428571428571429,14,108
2.5,0.7142857142857143,14,108
2.75,0.7142857142857143,14,108
3.0,0.7142857142857143,14,108
3.25,0.6428571428571429,14,108
3.5,0.5714285714285714,14,108
3.75,0.5714285714285714,14,108
4.0,0.5714285714285714,14,108
0.5,0.6428571428571429,14,109
0.75,0.5714285714285714,14,109
1.0,0.5714285714285714,14,109
1.25,0.6428571428571429,14,109
1.5,0.42857142857142855,14,109
1.75,0.2857142857142857,14,109
2.0,0.35714285714285715,14,109
2.25,0.35714285714285715,14,109
2.5,0.2857142857142857,14,109
2.75,0.2857142857142857,14,109
3.0,0.5,14,109
3.25,0.35714285714285715,14,109
3.5,0.42857142857142855,14,109
3.75,0.35714285714285715,14,109
4.0,0.42857142857142855,14,109
